,Date,PMI,NMI,Consumer_sen,building_permits,Unemployment,Non_Farm,Initial_Claims,Continuing_Claims,SnP500,VIX,Net_Export,int_spread,Real_GDP,GDP_Growth_Rate
0,1948-02-29,50.2,,,,2328.0,44533.0,,,14.096666666666668,,,,,
1,1948-03-31,43.3,,,,2399.0,44683.0,,,14.284545454545452,,7.293,,2086.017,6.2
2,1948-04-30,45.4,,,,2386.0,44379.0,,,15.39909090909091,,,,,
3,1948-05-31,49.5,,,,2118.0,44796.0,,,16.1715,,,,,
4,1948-06-30,53.0,,,,2214.0,45034.0,,,16.824545454545454,,5.205,,2120.45,6.8
5,1948-07-31,48.4,,,,2213.0,45160.0,,,16.421428571428574,,,,,
6,1948-08-31,45.1,,,,2350.0,45178.0,,,15.939545454545458,,,,,
7,1948-09-30,42.1,,,,2302.0,45294.0,,,15.757619047619052,,4.949,,2132.598,2.3
8,1948-10-31,47.2,,,,2259.0,45245.0,,,16.187,,,,,
9,1948-11-30,42.4,,,,2285.0,45192.0,,,15.30684210526316,,,,,
10,1948-12-31,35.0,,,,2429.0,45032.0,,,15.183478260869562,,4.501,,2134.981,0.4
11,1949-01-31,32.9,,,,2596.0,44668.0,,,15.324761904761907,,,,,
12,1949-02-28,31.3,,,,2849.0,44497.0,,,14.78157894736842,,,,,
13,1949-03-31,34.5,,,,3030.0,44240.0,,,14.910869565217391,,6.478,,2105.562,-5.4
14,1949-04-30,35.5,,,,3260.0,44236.0,,,14.889999999999997,,,,,
15,1949-05-31,32.6,,,,3707.0,43984.0,,,14.766666666666667,,,,,
16,1949-06-30,31.6,,,,3776.0,43739.0,,,13.966818181818182,,6.283,,2098.38,-1.4
17,1949-07-31,39.0,,,,4111.0,43531.0,,,14.762000000000004,,,,,
18,1949-08-31,47.0,,,,4193.0,43624.0,,,15.287826086956523,,,,,
19,1949-09-30,52.3,,,,4049.0,43780.0,,,15.486666666666665,,5.179,,2120.044,4.2
20,1949-10-31,51.0,,,,4916.0,42942.0,,,15.895,,,,,
21,1949-11-30,51.0,,,,3996.0,43242.0,,,16.09842105263158,,,,,
22,1949-12-31,57.3,,,,4063.0,43522.0,,,16.539523809523814,,2.999,,2102.251,-3.3
23,1950-01-31,59.1,,,,4026.0,43526.0,,,16.875714285714288,,,,,
24,1950-02-28,60.5,,,,3936.0,43297.0,,,17.192777777777778,,,,,
25,1950-03-31,62.1,,,,3876.0,43954.0,,,17.346521739130434,,2.203,,2184.872,16.7
26,1950-04-30,68.1,,,,3575.0,44382.0,,,17.84526315789474,,,,,
27,1950-05-31,74.7,,,,3434.0,44718.0,,,18.434545454545454,,,,,
28,1950-06-30,76.6,,,,3367.0,45083.0,,,18.736818181818183,,1.643,,2251.507,12.8
29,1950-07-31,77.5,,,,3120.0,45454.0,,,17.384,,,,,
30,1950-08-31,75.8,,,,2799.0,46192.0,,,18.433043478260874,,,,,
31,1950-09-30,68.1,,,,2774.0,46438.0,,,19.084500000000002,,-0.74,,2338.514,16.4
32,1950-10-31,59.2,,,,2625.0,46706.0,,,19.859523809523807,,,,,
33,1950-11-30,63.1,,,,2589.0,46776.0,,,19.798499999999997,,,,,
34,1950-12-31,67.1,,,,2639.0,46861.0,,,19.745500000000003,,-0.154,,2383.291,7.9
35,1951-01-31,67.8,,,,2305.0,47288.0,,,21.20454545454546,,,,,
36,1951-02-28,69.3,,,,2117.0,47577.0,,,21.978888888888893,,,,,
37,1951-03-31,65.5,,,,2125.0,47873.0,,,21.617619047619048,,0.177,,2415.66,5.5
38,1951-04-30,53.5,,,,1919.0,47861.0,,,21.884761904761906,,,,,
39,1951-05-31,50.7,,,,1856.0,47952.0,,,21.93818181818182,,,,,
40,1951-06-30,45.5,,,,1995.0,48064.0,,,21.54619047619048,,1.943,,2457.517,7.1
41,1951-07-31,42.1,,,,1950.0,48061.0,,,21.931904761904757,,,,,
42,1951-08-31,43.6,,,,1933.0,48012.0,,,22.89217391304348,,,,,
43,1951-09-30,48.1,,,,2067.0,47954.0,,,23.48421052631578,,3.742,,2508.166,8.5
44,1951-10-31,49.6,,,,2194.0,48006.0,,,23.367727272727276,,,,,
45,1951-11-30,47.2,,,,2178.0,48147.0,,,22.713684210526317,,,,,
46,1951-12-31,46.5,,,,1960.0,48314.0,,,23.4215,,4.19,,2513.69,0.9
47,1952-01-31,44.7,,,,1972.0,48296.0,,,24.18136363636364,,,,,
48,1952-02-29,41.8,,,,1957.0,48522.0,,,23.698947368421056,,,,,
49,1952-03-31,40.0,,,,1813.0,48504.0,,,23.810000000000002,,3.721,,2540.55,4.3
50,1952-04-30,36.7,,,,1811.0,48620.0,,,23.731904761904765,,,,,
51,1952-05-31,39.5,,,,1863.0,48642.0,,,23.732857142857146,,,,,
52,1952-06-30,43.3,,,,1884.0,48282.0,,,24.38095238095238,,1.951,,2546.022,0.9
53,1952-07-31,48.3,,,,1991.0,48143.0,,,25.079545454545453,,,,,
54,1952-08-31,60.4,,,,2087.0,48924.0,,,25.18238095238095,,,,,
55,1952-09-30,56.1,,,,1936.0,49320.0,,,24.78190476190476,,-0.004,,2564.401,2.9
56,1952-10-31,56.2,,,,1839.0,49597.0,,,24.25590909090909,,,,,
57,1952-11-30,56.8,,86.2,,1743.0,49816.0,,,25.029411764705884,,,,,
58,1952-12-31,55.8,,,,1667.0,50166.0,,,26.03954545454546,,-1.013,,2648.621,13.8
59,1953-01-31,59.4,,,,1839.0,50144.0,,,26.18,,,,,
60,1953-02-28,55.4,,90.7,,1636.0,50339.0,,,25.897777777777776,,,,,
61,1953-03-31,50.5,,,,1647.0,50473.0,,,25.992272727272724,,-0.667,,2697.855,7.6
62,1953-04-30,51.1,,,,1723.0,50435.0,,,24.712380952380947,,,,,
63,1953-05-31,48.9,,,,1596.0,50490.0,,,24.837142857142858,,,,,
64,1953-06-30,48.5,,,,1607.0,50519.0,,,23.95181818181818,,-1.251,,2718.709,3.1
65,1953-07-31,46.3,,,,1660.0,50536.0,,,24.29478260869565,,,,,
66,1953-08-31,43.5,,80.8,,1665.0,50489.0,,,24.389523809523812,,,,,
67,1953-09-30,40.2,,,,1821.0,50368.0,,,23.26904761904762,,-0.552,,2703.411,-2.2
68,1953-10-31,37.4,,,,1974.0,50240.0,,,23.96666666666667,,,,,
69,1953-11-30,36.9,,80.7,,2211.0,49908.0,,,24.500555555555554,,,,,
70,1953-12-31,35.6,,,,2818.0,49703.0,,,24.827272727272724,,-0.335,,2662.482,-5.9
71,1954-01-31,37.4,,,,3077.0,49469.0,,,25.4615,,,,,
72,1954-02-28,40.7,,82.0,,3331.0,49382.0,,,26.01842105263158,,,,,
73,1954-03-31,44.7,,,,3607.0,49157.0,,,26.571739130434786,,-0.356,,2649.755,-1.9
74,1954-04-30,47.7,,,,3749.0,49179.0,,,27.615238095238094,,,,,
75,1954-05-31,50.1,,82.9,,3767.0,48965.0,,,28.734499999999997,,,,,
76,1954-06-30,52.1,,,,3551.0,48895.0,,,28.96090909090909,,0.254,,2652.643,0.4
77,1954-07-31,51.7,,,,3659.0,48835.0,,,30.126666666666672,,,,,
78,1954-08-31,54.4,,,,3854.0,48826.0,,,30.72954545454546,,,1.14,,
79,1954-09-30,53.5,,,,3927.0,48886.0,,,31.454761904761902,,0.574,1.32,2682.601,4.6
80,1954-10-31,58.2,,,,3666.0,48942.0,,,32.17666666666667,,,1.58,,
81,1954-11-30,58.8,,87.0,,3402.0,49180.0,,,33.44199999999999,,,1.65,,
82,1954-12-31,63.8,,,,3196.0,49331.0,,,35.00818181818182,,1.145,1.23,2735.091,8.1
83,1955-01-31,63.0,,,,3157.0,49496.0,,,35.59619047619048,,,1.22,,
84,1955-02-28,67.8,,95.9,,2969.0,49644.0,,,36.79105263157894,,,1.36,,
85,1955-03-31,67.5,,,,2918.0,49962.0,,,36.50086956521739,,1.104,1.33,2813.212,11.9
86,1955-04-30,68.7,,,,3049.0,50248.0,,,37.754999999999995,,,1.32,,
87,1955-05-31,69.5,,99.1,,2747.0,50512.0,,,37.60285714285715,,,1.33,,
88,1955-06-30,63.3,,,,2701.0,50790.0,,,39.875,,-0.155,1.14,2858.988,6.7
89,1955-07-31,66.2,,,,2632.0,50987.0,,,42.692,,,1.22,,
90,1955-08-31,64.8,,,,2784.0,51111.0,,,42.43,,,1.01,,
91,1955-09-30,62.4,,,,2678.0,51266.0,,,44.34142857142857,,0.724,0.79,2897.598,5.5
92,1955-10-31,63.7,,,,2830.0,51429.0,,,42.123333333333335,,,0.64,,
93,1955-11-30,62.0,,99.7,,2780.0,51592.0,,,44.947,,,0.54,,
94,1955-12-31,65.6,,,,2761.0,51805.0,,,45.39047619047619,,0.24,0.48,2914.993,2.4
95,1956-01-31,60.2,,,,2666.0,51975.0,,,44.1452380952381,,,0.45,,
96,1956-02-29,58.2,,,,2606.0,52167.0,,,44.43,,,0.34,,
97,1956-03-31,57.2,,,,2764.0,52294.0,,,47.487142857142864,,0.44,0.46,2903.671,-1.5
98,1956-04-30,55.9,,,,2650.0,52375.0,,,48.051904761904765,,,0.56,,
99,1956-05-31,51.2,,98.2,,2861.0,52506.0,,,46.53727272727273,,,0.32,,
100,1956-06-30,47.7,,,,2882.0,52586.0,,,46.268571428571434,,1.909,0.29,2927.665,3.3
101,1956-07-31,44.2,,,,2952.0,51955.0,,,48.77809523809525,,,0.36,,
102,1956-08-31,51.5,,99.9,,2701.0,52631.0,,,48.46130434782608,,,0.6,,
103,1956-09-30,55.5,,,,2635.0,52604.0,,,46.78684210526317,,2.569,0.43,2925.035,-0.4
104,1956-10-31,52.7,,,,2571.0,52777.0,,,46.243043478260866,,,0.38,,
105,1956-11-30,55.0,,100.2,,2861.0,52821.0,,,45.75849999999999,,,0.61,,
106,1956-12-31,52.7,,,,2790.0,52929.0,,,46.443684210526314,,4.527,0.65,2973.179,6.7
107,1957-01-31,53.6,,,,2796.0,52887.0,,,45.425000000000004,,,0.62,,
108,1957-02-28,51.0,,,,2622.0,53097.0,,,43.46631578947368,,,0.34,,
109,1957-03-31,47.5,,,,2509.0,53156.0,,,44.02619047619048,,4.819,0.45,2992.219,2.6
110,1957-04-30,43.1,,,,2600.0,53238.0,,,45.047142857142866,,,0.48,,
111,1957-05-31,43.4,,92.9,,2710.0,53150.0,,,46.779545454545456,,,0.6,,
112,1957-06-30,45.9,,,,2856.0,53067.0,,,47.599,,4.099,0.8,2985.663,-0.9
113,1957-07-31,45.7,,,,2796.0,53123.0,,,48.51681818181819,,,0.94,,
114,1957-08-31,45.3,,,,2747.0,53128.0,,,45.835,,,0.69,,
115,1957-09-30,45.8,,,,2943.0,52934.0,,,44.0105,,3.997,0.45,3014.919,4.0
116,1957-10-31,41.1,,,,3020.0,52763.0,,,41.235652173913046,,,0.47,,
117,1957-11-30,40.4,,83.7,,3454.0,52558.0,,,40.347368421052636,,,0.44,,
118,1957-12-31,36.8,,,,3476.0,52384.0,,,40.325714285714284,,3.388,0.23,2983.727,-4.1
119,1958-01-31,33.4,,,,3875.0,52076.0,,,41.12272727272728,,,0.37,,
120,1958-02-28,37.2,,78.5,,4303.0,51576.0,,,41.2615,,,1.38,,
121,1958-03-31,39.8,,,,4492.0,51299.0,,,42.10857142857143,,1.079,1.78,2906.274,-10.0
122,1958-04-30,39.1,,,,5016.0,51027.0,,,42.3352380952381,,,1.62,,
123,1958-05-31,46.6,,80.9,,5021.0,50914.0,,,43.70761904761905,,,2.29,,
124,1958-06-30,51.4,,,,4944.0,50914.0,,,44.73857142857143,,0.471,2.04,2925.379,2.7
125,1958-07-31,54.7,,,,5079.0,51039.0,,,45.975,,,2.52,,
126,1958-08-31,57.3,,,,5025.0,51233.0,,,47.70142857142857,,,2.01,,
127,1958-09-30,59.8,,,,4821.0,51506.0,,,48.97428571428571,,0.856,2.0,2993.068,9.6
128,1958-10-31,62.3,,,,4570.0,51485.0,,,50.959999999999994,,,2.0,,
129,1958-11-30,62.7,,90.8,,4188.0,51944.0,,,52.540555555555564,,,1.47,,
130,1958-12-31,60.5,,,,4191.0,52085.0,,,53.48571428571429,,-0.26,1.44,3063.085,9.7
131,1959-01-31,64.4,,,,4068.0,52478.0,,,55.62047619047619,,,1.54,,
132,1959-02-28,66.9,,,,3965.0,52688.0,,,54.78842105263158,,,1.53,,
133,1959-03-31,67.1,,,,3801.0,53014.0,,,56.148095238095244,,0.519,1.19,3121.936,7.9
134,1959-04-30,66.9,,,,3571.0,53321.0,,,57.098636363636366,,,1.16,,
135,1959-05-31,68.2,,95.3,,3479.0,53550.0,,,57.99238095238096,,,1.41,,
136,1959-06-30,64.4,,,,3429.0,53681.0,,,57.46045454545454,,-0.768,0.95,3192.38,9.3
137,1959-07-31,61.5,,,,3528.0,53804.0,,,59.735909090909075,,,0.93,,
138,1959-08-31,55.1,,,,3588.0,53336.0,,,59.40095238095236,,,0.93,,
139,1959-09-30,48.3,,,,3775.0,53428.0,,,57.05952380952382,,1.211,0.92,3194.653,0.3
140,1959-10-31,49.7,,,,3910.0,53358.0,,,57.00181818181819,,,0.55,,
141,1959-11-30,50.6,,93.8,,4003.0,53634.0,,,57.233157894736856,,,0.53,,
142,1959-12-31,58.2,,,,3653.0,54174.0,,,59.055,,0.627,0.7,3203.759,1.1
143,1960-01-31,61.5,,,,3615.0,54274.0,,,58.028999999999996,,,0.73,,
144,1960-02-29,52.3,,100.0,1088.0,3329.0,54513.0,,,55.77499999999999,,,0.52,,
145,1960-03-31,47.8,,,955.0,3726.0,54454.0,,,55.01521739130435,,2.858,0.41,3275.757,9.3
146,1960-04-30,45.3,,,1016.0,3620.0,54813.0,,,55.7,,,0.36,,
147,1960-05-31,42.6,,93.3,1052.0,3569.0,54475.0,,,55.21523809523809,,,0.5,,
148,1960-06-30,44.4,,,958.0,3766.0,54348.0,,,57.26318181818181,,3.395,0.83,3258.088,-2.1
149,1960-07-31,43.7,,,999.0,3836.0,54306.0,,,55.84000000000001,,,0.67,,
150,1960-08-31,47.6,,97.2,994.0,3946.0,54272.0,,,56.505217391304356,,,0.82,,
151,1960-09-30,45.4,,,984.0,3884.0,54227.0,,,54.80285714285715,,4.682,1.2,3274.029,2.0
152,1960-10-31,46.0,,,972.0,4252.0,54142.0,,,53.74333333333334,,,1.42,,
153,1960-11-30,44.3,,90.1,979.0,4330.0,53961.0,,,55.485,,,1.49,,
154,1960-12-31,44.3,,,951.0,4617.0,53742.0,,,56.79999999999999,,5.88,1.86,3232.009,-5.0
155,1961-01-31,43.9,,,969.0,4671.0,53683.0,,,59.726190476190474,,,2.39,,
156,1961-02-28,43.6,,91.6,961.0,4832.0,53557.0,,,62.17263157894737,,,1.24,,
157,1961-03-31,49.1,,,1000.0,4853.0,53659.0,,,64.08909090909093,,5.902,1.72,3253.826,2.7
158,1961-04-30,57.6,,,1002.0,4893.0,53627.0,,,65.934,,,2.29,,
159,1961-05-31,58.9,,92.5,1027.0,5003.0,53786.0,,,66.49904761904762,,,1.73,,
160,1961-06-30,58.1,,,1070.0,4885.0,53977.0,,,65.575,,4.727,2.15,3309.059,7.0
161,1961-07-31,58.2,,,1083.0,4928.0,54123.0,,,65.43849999999999,,,2.75,,
162,1961-08-31,60.7,,99.2,1159.0,4682.0,54298.0,,,67.7895652173913,,,2.04,,
163,1961-09-30,63.0,,,1098.0,4676.0,54388.0,,,67.228,,4.453,2.1,3372.581,7.9
164,1961-10-31,62.2,,,1123.0,4573.0,54522.0,,,67.92909090909092,,,1.66,,
165,1961-11-30,59.0,,93.0,1152.0,4295.0,54742.0,,,71.07649999999998,,,1.33,,
166,1961-12-31,64.2,,,1161.0,4177.0,54872.0,,,71.74100000000001,,4.572,1.73,3438.721,8.1
167,1962-01-31,60.9,,,1122.0,4081.0,54891.0,,,69.06772727272727,,,1.93,,
168,1962-02-28,61.1,,99.9,1194.0,3871.0,55188.0,,,70.22157894736843,,,1.67,,
169,1962-03-31,60.6,,,1134.0,3921.0,55275.0,,,70.2918181818182,,4.01,1.08,3500.054,7.3
170,1962-04-30,55.1,,,1235.0,3906.0,55602.0,,,68.0575,,,1.06,,
171,1962-05-31,52.2,,95.4,1142.0,3863.0,55628.0,,,62.99454545454545,,,1.51,,
172,1962-06-30,50.8,,,1154.0,3844.0,55644.0,,,55.62857142857143,,4.777,1.23,3531.683,3.7
173,1962-07-31,51.0,,,1189.0,3819.0,55746.0,,,56.96952380952381,,,1.3,,
174,1962-08-31,49.5,,91.6,1200.0,4013.0,55838.0,,,58.52739130434782,,,1.05,,
175,1962-09-30,50.0,,,1223.0,3961.0,55978.0,,,57.997894736842106,,4.482,1.08,3575.07,5.0
176,1962-10-31,51.2,,,1181.0,3803.0,56041.0,,,56.16826086956522,,,1.03,,
177,1962-11-30,53.8,,95.0,1236.0,4024.0,56056.0,,,60.04350000000001,,,0.98,,
178,1962-12-31,57.2,,,1236.0,3907.0,56028.0,,,62.61450000000001,,3.133,0.93,3586.827,1.3
179,1963-01-31,55.2,,,1248.0,4074.0,56115.0,,,65.06227272727273,,,0.91,,
180,1963-02-28,55.1,,98.4,1212.0,4238.0,56230.0,,,65.92263157894736,,,0.92,,
181,1963-03-31,54.7,,,1258.0,4072.0,56320.0,,,65.67285714285715,,3.976,0.95,3625.981,4.4
182,1963-04-30,57.6,,,1288.0,4055.0,56580.0,,,68.75904761904762,,,1.07,,
183,1963-05-31,59.8,,91.7,1350.0,4217.0,56616.0,,,70.13863636363637,,,0.93,,
184,1963-06-30,58.2,,,1345.0,3977.0,56659.0,,,70.10900000000001,,5.558,1.0,3666.669,4.6
185,1963-07-31,55.5,,,1321.0,4051.0,56794.0,,,69.07227272727273,,,1.0,,
186,1963-08-31,55.1,,96.4,1310.0,3878.0,56910.0,,,70.98045454545455,,,0.51,,
187,1963-09-30,56.9,,,1413.0,3957.0,57078.0,,,72.8495,,4.511,0.6,3747.278,9.1
188,1963-10-31,57.7,,,1414.0,3987.0,57283.0,,,73.02043478260869,,,0.61,,
189,1963-11-30,57.5,,94.4,1357.0,4151.0,57255.0,,,72.62388888888889,,,0.64,,
190,1963-12-31,54.0,,,1423.0,3975.0,57361.0,,,74.17380952380951,,5.711,0.75,3771.845,2.6
191,1964-01-31,57.1,,,1296.0,4029.0,57487.0,,,76.45227272727271,,,0.69,,
192,1964-02-29,57.9,,99.5,1442.0,3932.0,57753.0,,,77.39,,,0.67,,
193,1964-03-31,60.2,,,1313.0,3950.0,57897.0,,,78.79952380952383,,7.213,0.79,3851.366,8.7
194,1964-04-30,59.2,,,1264.0,3918.0,57922.0,,,79.9368181818182,,,0.76,,
195,1964-05-31,58.7,,98.5,1299.0,3764.0,58089.0,,,80.7325,,,0.7,,
196,1964-06-30,60.1,,,1280.0,3814.0,58219.0,,,80.24272727272728,,6.305,0.67,3893.296,4.4
197,1964-07-31,62.9,,,1304.0,3608.0,58412.0,,,83.22227272727272,,,0.77,,
198,1964-08-31,63.3,,100.6,1306.0,3655.0,58619.0,,,82.0,,,0.69,,
199,1964-09-30,63.3,,,1265.0,3712.0,58903.0,,,83.40857142857143,,6.946,0.75,3954.121,6.4
200,1964-10-31,60.7,,,1230.0,3726.0,58793.0,,,84.84863636363637,,,0.83,,
201,1964-11-30,61.8,,99.9,1254.0,3551.0,59218.0,,,85.43842105263158,,,0.63,,
202,1964-12-31,62.4,,,1164.0,3651.0,59421.0,,,83.96,,7.195,0.33,3966.335,1.2
203,1965-01-31,61.0,,,1264.0,3572.0,59582.0,,,86.1165,,,0.29,,
204,1965-02-28,62.1,,102.0,1185.0,3730.0,59800.0,,,86.74684210526317,,,0.23,,
205,1965-03-31,64.9,,,1211.0,3510.0,60003.0,,,86.83391304347825,,4.512,0.17,4062.311,10.0
206,1965-04-30,62.0,,,1162.0,3595.0,60259.0,,,87.96666666666667,,,0.11,,
207,1965-05-31,61.3,,105.4,1207.0,3432.0,60491.0,,,89.27949999999998,,,0.11,,
208,1965-06-30,58.7,,,1241.0,3387.0,60690.0,,,85.09,,6.688,0.17,4113.629,5.1
209,1965-07-31,58.1,,,1237.0,3301.0,60965.0,,,84.90523809523809,,,0.11,,
210,1965-08-31,58.1,,103.4,1249.0,3254.0,61228.0,,,86.48727272727274,,,0.13,,
211,1965-09-30,61.0,,,1227.0,3216.0,61490.0,,,89.37904761904761,,5.521,0.28,4205.086,9.2
212,1965-10-31,58.6,,,1279.0,3143.0,61719.0,,,91.3947619047619,,,0.27,,
213,1965-11-30,59.4,,102.9,1306.0,3073.0,61996.0,,,92.14599999999999,,,0.35,,
214,1965-12-31,62.8,,,1315.0,3031.0,62322.0,,,91.73454545454545,,5.75,0.3,4301.973,9.5
215,1966-01-31,65.8,,,1325.0,2988.0,62529.0,,,93.31619047619047,,,0.19,,
216,1966-02-28,65.5,,100.0,1159.0,2820.0,62796.0,,,92.6826315789474,,,0.23,,
217,1966-03-31,65.7,,,1234.0,2887.0,63192.0,,,88.87782608695653,,4.367,0.22,4406.693,10.1
218,1966-04-30,64.2,,,1145.0,2828.0,63437.0,,,91.59549999999999,,,0.08,,
219,1966-05-31,57.7,,95.7,1078.0,2950.0,63712.0,,,86.78190476190477,,,-0.12,,
220,1966-06-30,59.0,,,956.0,2872.0,64111.0,,,86.06,,4.632,-0.36,4421.747,1.4
221,1966-07-31,60.3,,,932.0,2876.0,64301.0,,,85.8385,,,-0.28,,
222,1966-08-31,58.5,,91.2,877.0,2900.0,64507.0,,,80.65086956521738,,,-0.31,,
223,1966-09-30,58.7,,,774.0,2798.0,64643.0,,,77.8147619047619,,2.687,-0.22,4459.195,3.4
224,1966-10-31,57.2,,,739.0,2798.0,64854.0,,,77.12904761904763,,,-0.52,,
225,1966-11-30,53.7,,88.3,736.0,2770.0,65019.0,,,80.9945,,,-0.6,,
226,1966-12-31,52.4,,,743.0,2912.0,65199.0,,,81.32714285714285,,3.765,-0.56,4495.777,3.3
227,1967-01-31,49.1,,,995.0,2968.0,65407.0,,,84.45047619047618,,,-0.36,,
228,1967-02-28,47.6,,94.1,907.0,2915.0,65429.0,229000.0,1162500.0,87.36684210526317,,,-0.37,,
229,1967-03-31,45.3,,,955.0,2889.0,65530.0,260750.0,1243250.0,89.41772727272729,,4.453,0.01,4535.591,3.6
230,1967-04-30,42.8,,,1035.0,2895.0,65466.0,263000.0,1281000.0,90.95949999999998,,,0.54,,
231,1967-05-31,44.5,,95.9,1076.0,2929.0,65620.0,235750.0,1277500.0,92.59045454545456,,,0.91,,
232,1967-06-30,46.8,,,1169.0,2992.0,65750.0,232000.0,1246000.0,91.43363636363637,,4.219,1.04,4538.37,0.2
233,1967-07-31,49.5,,,1177.0,2944.0,65888.0,227800.0,1246200.0,92.98899999999999,,,1.37,,
234,1967-08-31,52.2,,97.0,1229.0,2945.0,66143.0,212750.0,1209250.0,94.49391304347827,,,1.38,,
235,1967-09-30,54.9,,,1279.0,2958.0,66164.0,216400.0,1181400.0,95.809,,3.302,1.31,4581.309,3.8
236,1967-10-31,54.1,,,1280.0,3143.0,66225.0,216750.0,1172250.0,95.63636363636365,,,1.6,,
237,1967-11-30,54.2,,92.9,1297.0,3066.0,66703.0,206250.0,1148250.0,92.66100000000003,,,1.62,,
238,1967-12-31,55.6,,,1315.0,3018.0,66900.0,211200.0,1170600.0,95.30250000000002,,2.244,1.19,4615.853,3.0
239,1968-01-31,56.6,,,1179.0,2878.0,66804.0,215750.0,1173250.0,95.03772727272727,,,0.93,,
240,1968-02-29,55.0,,97.2,1342.0,3001.0,67215.0,210750.0,1164000.0,90.77473684210527,,,0.85,,
241,1968-03-31,53.8,,,1370.0,2877.0,67295.0,195200.0,1139200.0,89.09285714285714,,1.054,0.69,4709.993,8.4
242,1968-04-30,58.0,,,1286.0,2709.0,67556.0,199000.0,1076000.0,95.69699999999999,,,-0.12,,
243,1968-05-31,55.3,,92.4,1297.0,2740.0,67652.0,199000.0,1078500.0,97.86545454545457,,,-0.24,,
244,1968-06-30,53.5,,,1300.0,2938.0,67905.0,193600.0,1065800.0,100.58529411764705,,1.749,-0.35,4788.688,6.9
245,1968-07-31,54.1,,,1344.0,2883.0,68126.0,196250.0,1060500.0,100.29529411764707,,,-0.52,,
246,1968-08-31,52.7,,92.4,1357.0,2768.0,68330.0,199400.0,1085000.0,98.1138888888889,,,-0.61,,
247,1968-09-30,51.8,,,1464.0,2686.0,68484.0,191000.0,1051500.0,101.34,,1.65,-0.32,4825.799,3.1
248,1968-10-31,55.8,,,1421.0,2689.0,68721.0,186000.0,1043250.0,103.75499999999998,,,-0.33,,
249,1968-11-30,58.1,,91.7,1436.0,2715.0,68984.0,183400.0,1042200.0,105.40058823529411,,,-0.12,,
250,1968-12-31,56.1,,,1389.0,2685.0,69248.0,199500.0,1075750.0,106.47555555555556,,0.945,0.01,4844.779,1.6
251,1969-01-31,54.9,,,1459.0,2718.0,69439.0,191500.0,1091500.0,102.04318181818185,,,-0.26,,
252,1969-02-28,57.0,,98.2,1495.0,2692.0,69699.0,196000.0,1098500.0,101.45888888888891,,,-0.42,,
253,1969-03-31,57.1,,,1438.0,2712.0,69905.0,189000.0,1077800.0,99.30449999999999,,0.239,-0.49,4920.605,6.4
254,1969-04-30,55.2,,,1441.0,2758.0,70072.0,184000.0,1035750.0,101.26285714285711,,,-1.24,,
255,1969-05-31,56.7,,91.5,1328.0,2713.0,70328.0,181200.0,1004400.0,104.62190476190476,,,-2.35,,
256,1969-06-30,55.5,,,1349.0,2816.0,70636.0,192000.0,1008750.0,99.11714285714284,,1.104,-2.33,4935.564,1.2
257,1969-07-31,53.1,,,1278.0,2868.0,70729.0,208750.0,1086500.0,94.71190476190475,,,-1.89,,
258,1969-08-31,54.8,,86.4,1317.0,2856.0,71008.0,198400.0,1084000.0,94.18333333333332,,,-2.5,,
259,1969-09-30,54.1,,,1263.0,3040.0,70914.0,194750.0,1090500.0,94.5061904761905,,1.231,-1.99,4968.164,2.7
260,1969-10-31,54.6,,,1216.0,3049.0,71121.0,199250.0,1114250.0,95.51478260869564,,,-1.9,,
261,1969-11-30,53.2,,79.7,1191.0,2856.0,71086.0,205000.0,1167800.0,96.20526315789475,,,-1.71,,
262,1969-12-31,52.0,,,1155.0,2884.0,71241.0,219750.0,1253750.0,91.11999999999999,,3.149,-1.32,4943.935,-1.9
263,1970-01-31,48.7,,,1062.0,3201.0,71176.0,247000.0,1365800.0,90.33285714285714,,,-1.19,,
264,1970-02-28,47.4,,78.1,1118.0,3453.0,71305.0,258500.0,1421000.0,87.1642105263158,,,-1.74,,
265,1970-03-31,46.9,,,1132.0,3635.0,71451.0,268250.0,1483500.0,88.65238095238097,,3.514,-0.69,4936.594,-0.6
266,1970-04-30,45.0,,,1224.0,3797.0,71348.0,325250.0,1640000.0,85.95227272727271,,,-0.71,,
267,1970-05-31,47.2,,75.4,1328.0,3919.0,71124.0,310400.0,1826400.0,76.06142857142856,,,-0.03,,
268,1970-06-30,51.1,,,1322.0,4071.0,71029.0,296500.0,1849750.0,75.58363636363639,,5.207,0.24,4943.6,0.6
269,1970-07-31,49.5,,,1324.0,4175.0,71053.0,286500.0,1879000.0,75.71863636363635,,,0.25,,
270,1970-08-31,47.3,,77.6,1394.0,4256.0,70937.0,285400.0,1939600.0,77.92761904761903,,,0.92,,
271,1970-09-30,44.1,,,1426.0,4456.0,70944.0,318500.0,2056250.0,82.37380952380951,,4.088,1.1,4989.159,3.7
272,1970-10-31,42.4,,,1564.0,4591.0,70521.0,333600.0,2214200.0,84.36999999999999,,,1.13,,
273,1970-11-30,39.7,,72.4,1502.0,4898.0,70409.0,325250.0,2299750.0,84.29100000000001,,,1.24,,
274,1970-12-31,45.4,,,1767.0,5076.0,70792.0,306000.0,2210000.0,90.05272727272725,,2.985,1.49,4935.693,-4.2
275,1971-01-31,47.9,,,1643.0,4986.0,70865.0,298800.0,2100600.0,93.4915,,,2.1,,
276,1971-02-28,54.8,,78.1,1588.0,4903.0,70807.0,284000.0,2100000.0,97.1121052631579,,,2.39,,
277,1971-03-31,51.2,,,1759.0,4987.0,70860.0,293750.0,2138750.0,99.60130434782613,,4.57,1.99,5069.746,11.3
278,1971-04-30,54.5,,,1745.0,4959.0,71036.0,287500.0,2145250.0,103.04952380952379,,,1.68,,
279,1971-05-31,54.2,,80.2,1972.0,4996.0,71247.0,292200.0,2170600.0,101.6425,,,1.76,,
280,1971-06-30,53.8,,,1903.0,4949.0,71254.0,296500.0,2186750.0,99.66636363636366,,-0.401,1.61,5097.179,2.2
281,1971-07-31,54.4,,,2069.0,5035.0,71315.0,293200.0,2122400.0,98.97571428571428,,,1.42,,
282,1971-08-31,53.6,,82.1,2004.0,5134.0,71373.0,325250.0,2187500.0,97.24045454545454,,,1.02,,
283,1971-09-30,55.1,,,1996.0,5042.0,71614.0,320250.0,2239250.0,99.39619047619048,,0.236,0.59,5139.128,3.3
284,1971-10-31,55.0,,,2026.0,4954.0,71642.0,297600.0,2204600.0,97.29380952380951,,,0.73,,
285,1971-11-30,52.3,,82.0,2079.0,5161.0,71847.0,287000.0,2145750.0,92.77952380952381,,,0.9,,
286,1971-12-31,57.6,,,2133.0,5154.0,72109.0,273000.0,2087000.0,99.16909090909093,,-1.92,1.79,5151.245,0.9
287,1972-01-31,59.6,,,2238.0,5019.0,72441.0,271200.0,1923200.0,103.29857142857142,,,2.45,,
288,1972-02-29,60.6,,92.8,2169.0,4928.0,72648.0,263500.0,1926500.0,105.24300000000001,,,2.79,,
289,1972-03-31,59.8,,,2105.0,5038.0,72944.0,262750.0,1898750.0,107.69045454545453,,-3.534,2.24,5245.974,7.6
290,1972-04-30,59.3,,,2139.0,4959.0,73162.0,263000.0,1887800.0,108.811,,,2.02,,
291,1972-05-31,61.4,,88.6,2067.0,4922.0,73469.0,267750.0,1875250.0,107.64545454545456,,,1.86,,
292,1972-06-30,58.6,,,2183.0,4923.0,73758.0,273250.0,1863250.0,108.01045454545455,,-4.258,1.65,5365.045,9.4
293,1972-07-31,60.1,,,2195.0,4913.0,73709.0,297600.0,1949800.0,107.207,,,1.56,,
294,1972-08-31,61.7,,95.2,2263.0,4939.0,74141.0,253500.0,1813250.0,111.00739130434783,,,1.41,,
295,1972-09-30,65.1,,,2393.0,4849.0,74264.0,256200.0,1798600.0,109.3895,,-2.638,1.68,5415.712,3.8
296,1972-10-31,67.0,,,2354.0,4875.0,74674.0,251000.0,1753500.0,109.56272727272726,,,1.44,,
297,1972-11-30,69.9,,90.7,2234.0,4602.0,74973.0,250750.0,1732000.0,115.04700000000003,,,1.22,,
298,1972-12-31,70.5,,,2419.0,4543.0,75268.0,242400.0,1694600.0,117.49736842105263,,-3.061,1.03,5506.396,6.9
299,1973-01-31,72.1,,,2271.0,4326.0,75617.0,228500.0,1621250.0,118.42190476190478,,,0.52,,
300,1973-02-28,69.6,,81.9,2226.0,4452.0,76014.0,222000.0,1588500.0,114.16421052631578,,,0.06,,
301,1973-03-31,69.6,,,2062.0,4394.0,76284.0,227200.0,1570000.0,112.41545454545454,,-1.4,-0.38,5642.669,10.3
302,1973-04-30,67.7,,,1908.0,4459.0,76455.0,239000.0,1553750.0,110.274,,,-0.45,,
303,1973-05-31,64.8,,77.0,1931.0,4329.0,76648.0,240250.0,1559250.0,107.21954545454543,,,-0.99,,
304,1973-06-30,65.0,,,2051.0,4363.0,76887.0,238800.0,1567200.0,104.75476190476192,,2.454,-1.59,5704.098,4.4
305,1973-07-31,57.8,,,1819.0,4305.0,76913.0,242750.0,1601750.0,105.83428571428571,,,-3.27,,
306,1973-08-31,62.7,,72.0,1809.0,4305.0,77168.0,258250.0,1664750.0,103.79956521739132,,,-3.1,,
307,1973-09-30,63.5,,,1704.0,4350.0,77276.0,246800.0,1670200.0,105.60526315789473,,6.437,-3.69,5674.1,-2.1
308,1973-10-31,66.2,,,1411.0,4144.0,77607.0,241500.0,1664250.0,109.84434782608697,,,-3.22,,
309,1973-11-30,68.1,,76.5,1402.0,4396.0,77920.0,253750.0,1706000.0,102.03285714285714,,,-3.3,,
310,1973-12-31,63.6,,,1288.0,4489.0,78031.0,284000.0,1765800.0,94.78399999999999,,8.952,-3.21,5727.96,3.8
311,1974-01-31,62.1,,,1331.0,4644.0,78100.0,305250.0,1957000.0,96.10999999999999,,,-2.66,,
312,1974-02-28,58.6,,61.8,1360.0,4731.0,78254.0,318500.0,2012250.0,93.45315789473686,,,-2.01,,
313,1974-03-31,61.8,,,1440.0,4634.0,78296.0,311600.0,2055600.0,97.43904761904761,,6.394,-2.14,5678.713,-3.4
314,1974-04-30,59.9,,,1254.0,4618.0,78382.0,293000.0,2066000.0,92.45619047619046,,,-3.0,,
315,1974-05-31,55.7,,72.1,1138.0,4705.0,78549.0,297500.0,2051750.0,89.66727272727273,,,-3.73,,
316,1974-06-30,54.7,,,1086.0,4927.0,78604.0,305600.0,2076200.0,89.78649999999999,,-2.714,-4.39,5692.21,1.0
317,1974-07-31,54.8,,,1002.0,5063.0,78636.0,309500.0,2122750.0,82.81909090909092,,,-5.11,,
318,1974-08-31,52.9,,64.4,917.0,5022.0,78619.0,341400.0,2173800.0,76.02499999999999,,,-3.97,,
319,1974-09-30,46.2,,,840.0,5437.0,78610.0,360750.0,2279500.0,68.123,,-6.972,-3.3,5638.411,-3.7
320,1974-10-31,42.7,,,824.0,5523.0,78630.0,396750.0,2448750.0,69.43565217391303,,,-2.16,,
321,1974-11-30,37.9,,59.5,783.0,6140.0,78265.0,457600.0,2803600.0,71.737,,,-1.77,,
322,1974-12-31,30.9,,,869.0,6636.0,77652.0,524000.0,3291250.0,67.07333333333334,,0.033,-1.1,5616.526,-1.5
323,1975-01-31,30.7,,,726.0,7501.0,77293.0,535000.0,3619250.0,72.56409090909092,,,0.37,,
324,1975-02-28,34.4,,57.6,729.0,7520.0,76918.0,544500.0,3856500.0,80.09684210526315,,,1.15,,
325,1975-03-31,31.6,,,709.0,7978.0,76648.0,546600.0,4175200.0,83.83199999999998,,16.481,2.19,5548.156,-4.8
326,1975-04-30,37.5,,,866.0,8210.0,76460.0,525250.0,4473500.0,84.72318181818181,,,2.74,,
327,1975-05-31,41.2,,72.8,914.0,8433.0,76624.0,498800.0,4578200.0,90.09619047619047,,,2.84,,
328,1975-06-30,45.1,,,946.0,8220.0,76521.0,495500.0,4377250.0,92.39714285714287,,21.582,2.31,5587.8,2.9
329,1975-07-31,47.2,,,1020.0,8127.0,76770.0,442000.0,4144750.0,92.48727272727274,,,1.96,,
330,1975-08-31,51.4,,75.7,994.0,7928.0,77153.0,452000.0,3954200.0,85.71380952380953,,,2.26,,
331,1975-09-30,54.4,,,1064.0,7923.0,77228.0,445250.0,3895000.0,84.67238095238095,,12.043,2.19,5683.444,7.0
332,1975-10-31,55.5,,,1096.0,7897.0,77540.0,421250.0,3731250.0,88.57434782608695,,,2.32,,
333,1975-11-30,54.5,,75.6,1110.0,7794.0,77685.0,400600.0,3494400.0,90.06526315789475,,,2.83,,
334,1975-12-31,54.9,,,1091.0,7744.0,78017.0,374250.0,3198250.0,88.70045454545456,,13.801,2.8,5759.972,5.5
335,1976-01-31,58.8,,,1195.0,7534.0,78503.0,371200.0,3035200.0,96.8595238095238,,,2.87,,
336,1976-02-29,61.5,,84.6,1190.0,7326.0,78816.0,348250.0,2865750.0,100.63947368421051,,,3.02,,
337,1976-03-31,58.4,,,1164.0,7230.0,79048.0,360500.0,2843000.0,101.08434782608695,,4.65,2.89,5889.5,9.3
338,1976-04-30,60.6,,,1132.0,7330.0,79292.0,370250.0,2872250.0,101.92952380952381,,,2.74,,
339,1976-05-31,58.8,,83.3,1194.0,7053.0,79312.0,391600.0,2941000.0,101.162,,,2.61,,
340,1976-06-30,58.2,,,1188.0,7322.0,79376.0,393750.0,2989500.0,101.76681818181818,,-0.496,2.38,5932.711,3.0
341,1976-07-31,55.9,,,1245.0,7490.0,79547.0,390800.0,2995800.0,104.20095238095237,,,2.52,,
342,1976-08-31,54.5,,89.7,1309.0,7518.0,79704.0,388500.0,3015250.0,103.29181818181819,,,2.48,,
343,1976-09-30,53.6,,,1481.0,7380.0,79892.0,407500.0,3070000.0,105.4533333333333,,-4.073,2.34,5965.265,2.2
344,1976-10-31,53.5,,,1425.0,7430.0,79911.0,409000.0,3093000.0,101.88523809523811,,,2.39,,
345,1976-11-30,51.7,,87.0,1531.0,7620.0,80240.0,389500.0,3055750.0,101.1935,,,2.34,,
346,1976-12-31,56.6,,,1511.0,7545.0,80448.0,373750.0,2923500.0,104.66090909090912,,-6.603,2.22,6008.504,2.9
347,1977-01-31,54.8,,,1466.0,7280.0,80690.0,401800.0,2827200.0,103.81333333333333,,,2.6,,
348,1977-02-28,55.0,,87.1,1560.0,7443.0,80988.0,450750.0,2849000.0,100.95578947368422,,,2.71,,
349,1977-03-31,58.4,,,1660.0,7307.0,81391.0,360250.0,2702750.0,100.5695652173913,,-21.079,2.77,6079.494,4.8
350,1977-04-30,56.9,,,1660.0,7059.0,81728.0,367400.0,2671200.0,99.05000000000001,,,2.64,,
351,1977-05-31,59.7,,90.2,1668.0,6911.0,82088.0,380250.0,2631250.0,98.76047619047618,,,2.11,,
352,1977-06-30,56.8,,,1752.0,7134.0,82488.0,361250.0,2619250.0,99.28590909090912,,-21.136,1.89,6197.686,8.0
353,1977-07-31,57.7,,,1687.0,6829.0,82834.0,361400.0,2583000.0,100.17842105263158,,,1.91,,
354,1977-08-31,54.9,,89.0,1780.0,6925.0,83075.0,367250.0,2610500.0,97.75,,,1.5,,
355,1977-09-30,53.9,,,1674.0,6751.0,83532.0,368750.0,2589500.0,96.23238095238094,,-20.579,1.2,6309.514,7.4
356,1977-10-31,55.4,,,1758.0,6763.0,83800.0,359000.0,2576200.0,93.73952380952379,,,1.05,,
357,1977-11-30,56.1,,84.4,1771.0,6815.0,84173.0,353500.0,2568500.0,94.28333333333333,,,1.07,,
358,1977-12-31,59.8,,,1754.0,6386.0,84410.0,359600.0,2507000.0,93.82047619047619,,-29.582,1.13,6309.652,0.0
359,1978-01-31,57.4,,83.7,1740.0,6489.0,84594.0,351000.0,2493500.0,90.24952380952381,,,1.26,,
360,1978-02-28,55.9,,84.3,1736.0,6318.0,84948.0,383250.0,2555500.0,88.97526315789473,,,1.25,,
361,1978-03-31,55.0,,78.8,1799.0,6337.0,85460.0,349000.0,2499750.0,88.81954545454546,,-38.681,1.25,6329.791,1.3
362,1978-04-30,57.7,,81.6,1948.0,6180.0,86162.0,326000.0,2349600.0,92.71049999999998,,,1.26,,
363,1978-05-31,60.2,,82.9,1766.0,6127.0,86509.0,327000.0,2231500.0,97.41227272727268,,,0.99,,
364,1978-06-30,60.5,,80.0,1983.0,6028.0,86950.0,324250.0,2221750.0,97.66181818181818,,-22.624,0.86,6574.39,16.4
365,1978-07-31,62.2,,82.4,1786.0,6309.0,87204.0,350200.0,2313200.0,97.19250000000001,,,0.83,,
366,1978-08-31,60.3,,78.4,1691.0,6080.0,87483.0,348750.0,2398000.0,103.92173913043477,,,0.37,,
367,1978-09-30,60.5,,80.4,1751.0,6125.0,87621.0,322600.0,2269800.0,103.85700000000001,,-23.76,-0.03,6640.497,4.1
368,1978-10-31,60.1,,79.3,1781.0,5947.0,87956.0,328250.0,2230500.0,100.58363636363637,,,-0.32,,
369,1978-11-30,61.3,,75.0,1795.0,6077.0,88391.0,330500.0,2223750.0,94.70952380952382,,,-0.95,,
370,1978-12-31,59.4,,66.1,1818.0,6228.0,88671.0,355600.0,2286600.0,96.10749999999999,,-16.4,-1.02,6729.755,5.5
371,1979-01-31,58.5,,72.1,1461.0,6109.0,88808.0,357500.0,2382500.0,99.70500000000001,,,-0.97,,
372,1979-02-28,58.2,,73.9,1492.0,6173.0,89055.0,358500.0,2414250.0,98.22947368421052,,,-0.96,,
373,1979-03-31,57.7,,68.4,1720.0,6109.0,89479.0,358000.0,2385800.0,100.11227272727274,,-18.159,-0.97,6741.854,0.7
374,1979-04-30,56.2,,66.0,1597.0,6069.0,89417.0,415500.0,2398500.0,102.066,,,-0.83,,
375,1979-05-31,54.4,,68.1,1684.0,5840.0,89789.0,348000.0,2259250.0,99.72772727272731,,,-0.99,,
376,1979-06-30,52.7,,65.8,1640.0,5959.0,90108.0,360000.0,2251600.0,101.72761904761903,,-22.189,-1.38,6749.063,0.4
377,1979-07-31,51.3,,60.4,1534.0,5996.0,90217.0,379250.0,2358500.0,102.71142857142856,,,-1.52,,
378,1979-08-31,49.5,,64.5,1591.0,6320.0,90300.0,393750.0,2458250.0,107.35608695652174,,,-1.91,,
379,1979-09-30,49.6,,66.7,1638.0,6190.0,90327.0,385800.0,2428200.0,108.59684210526316,,-23.029,-2.1,6799.2,3.0
380,1979-10-31,49.0,,62.1,1481.0,6296.0,90481.0,402250.0,2490000.0,104.47304347826088,,,-3.47,,
381,1979-11-30,48.0,,63.3,1276.0,6238.0,90573.0,413250.0,2602500.0,103.66380952380953,,,-2.53,,
382,1979-12-31,44.8,,61.0,1254.0,6325.0,90672.0,428200.0,2698800.0,107.77599999999998,,-26.802,-3.39,6816.203,1.0
383,1980-01-31,46.2,,67.0,1280.0,6683.0,90800.0,414250.0,2781750.0,110.8681818181818,,,-3.02,,
384,1980-02-29,50.2,,66.9,1199.0,6702.0,90883.0,418000.0,2868500.0,115.33899999999998,,,-1.72,,
385,1980-03-31,43.6,,56.5,988.0,6729.0,90994.0,433800.0,2881200.0,104.68619047619048,,-35.803,-4.44,6837.641,1.3
386,1980-04-30,37.4,,52.7,808.0,7358.0,90849.0,529750.0,3126500.0,102.96666666666667,,,-6.14,,
387,1980-05-31,29.4,,51.7,861.0,7984.0,90420.0,615800.0,3544800.0,107.69428571428568,,,-0.8,,
388,1980-06-30,30.3,,58.7,1118.0,8098.0,90101.0,607000.0,3832500.0,114.54666666666665,,-15.211,0.31,6696.753,-8.0
389,1980-07-31,35.0,,62.3,1259.0,8363.0,89840.0,559250.0,3845500.0,119.8327272727273,,,1.22,,
390,1980-08-31,45.5,,67.3,1367.0,8281.0,90099.0,528200.0,3805200.0,123.49666666666668,,,1.49,,
391,1980-09-30,50.1,,73.7,1484.0,8021.0,90213.0,482750.0,3693500.0,126.51190476190476,,5.471,0.64,6688.794,-0.5
392,1980-10-31,55.5,,75.0,1366.0,8088.0,90490.0,438000.0,3556250.0,130.22173913043477,,,-1.06,,
393,1980-11-30,58.2,,76.7,1383.0,8023.0,90747.0,412600.0,3300600.0,135.65444444444447,,,-3.17,,
394,1980-12-31,53.0,,64.5,1249.0,7718.0,90943.0,410000.0,3125500.0,133.48318181818183,,-6.682,-6.06,6813.535,7.7
395,1981-01-31,49.2,,71.4,1221.0,8071.0,91033.0,413000.0,3038200.0,132.9657142857143,,,-6.51,,
396,1981-02-28,48.8,,66.9,1199.0,8051.0,91105.0,428750.0,2978000.0,128.39526315789473,,,-2.74,,
397,1981-03-31,49.6,,66.5,1183.0,7982.0,91210.0,407500.0,2899250.0,133.18500000000003,,-14.259,-1.58,6947.042,8.1
398,1981-04-30,51.6,,72.4,1190.0,7869.0,91283.0,410250.0,2857000.0,134.42761904761906,,,-2.04,,
399,1981-05-31,53.5,,76.3,1173.0,8174.0,91296.0,416400.0,2904000.0,131.727,,,-4.42,,
400,1981-06-30,50.7,,73.1,976.0,8098.0,91490.0,433000.0,2903250.0,132.27772727272725,,-13.508,-5.63,6895.559,-2.9
401,1981-07-31,46.7,,74.1,935.0,7863.0,91601.0,430750.0,2883000.0,129.12772727272724,,,-4.76,,
402,1981-08-31,48.3,,77.2,889.0,8036.0,91565.0,450200.0,2948400.0,129.62952380952382,,,-2.88,,
403,1981-09-30,42.5,,73.1,847.0,8230.0,91477.0,473250.0,3013000.0,118.26952380952382,,-7.561,-0.55,6978.135,4.9
404,1981-10-31,40.0,,70.3,731.0,8646.0,91380.0,492800.0,3127000.0,119.79772727272726,,,0.07,,
405,1981-11-30,36.1,,62.5,748.0,9029.0,91171.0,511750.0,3337250.0,122.91950000000001,,,0.08,,
406,1981-12-31,37.8,,64.3,796.0,9267.0,90895.0,551000.0,3525250.0,123.79409090909093,,-14.75,1.35,6902.105,-4.3
407,1982-01-31,38.2,,71.0,794.0,9397.0,90565.0,535200.0,3533600.0,117.27650000000001,,,1.37,,
408,1982-02-28,38.3,,66.5,808.0,9705.0,90563.0,533750.0,3555500.0,114.49526315789473,,,-0.35,,
409,1982-03-31,36.8,,62.0,891.0,9895.0,90434.0,556500.0,3655500.0,110.84217391304347,,-16.276,-0.82,6794.878,-6.1
410,1982-04-30,37.8,,65.5,888.0,10244.0,90150.0,587000.0,3864500.0,116.30714285714286,,,-1.07,,
411,1982-05-31,35.5,,67.5,953.0,10335.0,90107.0,583800.0,3991800.0,116.353,,,-0.83,,
412,1982-06-30,38.3,,65.7,913.0,10538.0,89865.0,599500.0,4094250.0,109.69772727272729,,-4.386,0.15,6825.876,1.8
413,1982-07-31,38.4,,65.4,1044.0,10849.0,89521.0,576000.0,4101400.0,109.37666666666667,,,1.36,,
414,1982-08-31,38.3,,65.4,926.0,10881.0,89363.0,629500.0,4260250.0,109.65136363636363,,,2.94,,
415,1982-09-30,38.8,,69.3,1042.0,11217.0,89183.0,660750.0,4452750.0,122.43333333333332,,-29.647,2.03,6799.781,-1.5
416,1982-10-31,39.4,,73.4,1149.0,11529.0,88907.0,652400.0,4639600.0,132.66047619047617,,,1.2,,
417,1982-11-30,39.2,,72.1,1229.0,11938.0,88786.0,594250.0,4601000.0,138.10095238095238,,,1.35,,
418,1982-12-31,42.8,,71.9,1351.0,12051.0,88771.0,523750.0,4400000.0,139.36590909090907,,-29.587,1.59,6802.497,0.2
419,1983-01-31,46.0,,70.4,1426.0,11534.0,88990.0,501000.0,3919000.0,144.2671428571429,,,1.78,,
420,1983-02-28,54.4,,74.6,1471.0,11545.0,88917.0,488750.0,3859250.0,146.79684210526315,,,2.21,,
421,1983-03-31,53.9,,80.8,1475.0,11408.0,89090.0,480250.0,3767500.0,151.8765217391304,,-24.548,1.74,6892.144,5.4
422,1983-04-30,54.2,,89.1,1566.0,11268.0,89364.0,496000.0,3760200.0,157.712,,,1.6,,
423,1983-05-31,56.1,,93.3,1669.0,11154.0,89644.0,468000.0,3624250.0,164.09714285714284,,,1.75,,
424,1983-06-30,57.5,,92.2,1769.0,11246.0,90021.0,444250.0,3455500.0,166.36909090909091,,-45.434,1.87,7048.982,9.4
425,1983-07-31,63.6,,92.8,1795.0,10548.0,90437.0,408000.0,3189600.0,166.95100000000002,,,2.01,,
426,1983-08-31,63.1,,90.9,1713.0,10623.0,90129.0,435750.0,3105750.0,162.41782608695655,,,2.29,,
427,1983-09-30,62.5,,89.9,1585.0,10282.0,91247.0,408750.0,3007000.0,167.16047619047617,,-65.2,2.2,7189.896,8.2
428,1983-10-31,64.4,,89.3,1716.0,9887.0,91520.0,402200.0,2902800.0,167.65428571428572,,,2.06,,
429,1983-11-30,66.0,,91.1,1668.0,9499.0,91875.0,392500.0,2787750.0,165.2309523809524,,,2.35,,
430,1983-12-31,69.9,,94.2,1627.0,9331.0,92230.0,368800.0,2712200.0,164.37142857142857,,-71.385,2.36,7339.893,8.6
431,1984-01-31,60.5,,100.1,1816.0,9008.0,92673.0,351000.0,2549250.0,166.3928571428571,,,2.11,,
432,1984-02-29,61.3,,97.4,1987.0,8791.0,93157.0,339250.0,2469500.0,157.25050000000002,,,2.25,,
433,1984-03-31,58.9,,101.0,1725.0,8746.0,93429.0,345800.0,2424400.0,157.43863636363636,,-95.004,2.41,7483.371,8.1
434,1984-04-30,61.0,,96.1,1776.0,8762.0,93792.0,369250.0,2422250.0,157.60150000000004,,,2.34,,
435,1984-05-31,58.6,,98.1,1741.0,8456.0,94098.0,360250.0,2385000.0,156.55090909090913,,,3.09,,
436,1984-06-30,58.1,,95.5,1814.0,8226.0,94479.0,361400.0,2360400.0,153.12476190476187,,-104.301,2.5,7612.668,7.1
437,1984-07-31,56.1,,96.6,1605.0,8537.0,94789.0,360500.0,2353000.0,151.07809523809524,,,2.13,,
438,1984-08-31,53.0,,99.1,1530.0,8519.0,95032.0,389500.0,2385750.0,164.4208695652174,,,1.08,,
439,1984-09-30,50.0,,100.9,1523.0,8367.0,95344.0,395400.0,2434800.0,166.11263157894737,,-103.847,1.22,7686.059,3.9
440,1984-10-31,50.8,,96.3,1490.0,8381.0,95629.0,419250.0,2524000.0,164.81869565217394,,,2.17,,
441,1984-11-30,50.3,,95.7,1643.0,8198.0,95982.0,407000.0,2584250.0,166.27190476190475,,,2.14,,
442,1984-12-31,50.6,,92.9,1626.0,8358.0,96107.0,385600.0,2547000.0,164.47999999999996,,-107.756,3.12,7749.151,3.3
443,1985-01-31,50.3,,96.0,1660.0,8423.0,96372.0,370750.0,2552250.0,171.61272727272728,,,3.03,,
444,1985-02-28,49.9,,93.7,1662.0,8321.0,96503.0,391750.0,2623500.0,180.88473684210527,,,3.01,,
445,1985-03-31,47.8,,93.7,1727.0,8339.0,96842.0,380800.0,2564400.0,179.41999999999996,,-91.298,3.28,7824.247,3.9
446,1985-04-30,48.2,,94.6,1664.0,8395.0,97038.0,398250.0,2578750.0,180.6185714285714,,,3.16,,
447,1985-05-31,47.1,,91.8,1709.0,8302.0,97312.0,392750.0,2560750.0,184.8990909090909,,,2.88,,
448,1985-06-30,47.8,,96.5,1716.0,8460.0,97459.0,392400.0,2551800.0,188.88600000000002,,-114.445,2.63,7893.136,3.6
449,1985-07-31,47.9,,94.0,1697.0,8513.0,97648.0,378250.0,2542500.0,192.54454545454544,,,2.43,,
450,1985-08-31,47.7,,92.4,1808.0,8196.0,97840.0,404400.0,2562600.0,188.3063636363636,,,2.43,,
451,1985-09-30,49.9,,92.1,1916.0,8248.0,98045.0,408500.0,2580500.0,184.20578947368423,,-116.895,2.45,8013.674,6.2
452,1985-10-31,50.9,,88.4,1743.0,8298.0,98233.0,405750.0,2631750.0,186.18043478260867,,,2.25,,
453,1985-11-30,52.0,,90.9,1692.0,8128.0,98443.0,393400.0,2625200.0,197.44549999999998,,,1.73,,
454,1985-12-31,50.7,,93.9,1794.0,8138.0,98609.0,385250.0,2643750.0,207.25761904761904,,-133.434,0.99,8073.239,3.0
455,1986-01-31,51.2,,95.6,1847.0,7795.0,98732.0,366750.0,2604000.0,208.19409090909087,,,1.05,,
456,1986-02-28,51.0,,95.9,1767.0,8402.0,98847.0,369500.0,2568500.0,219.3652631578947,,,0.84,,
457,1986-03-31,51.0,,95.1,1780.0,8383.0,98934.0,381200.0,2593600.0,232.327,,-126.014,0.3,8148.603,3.8
458,1986-04-30,49.7,,96.2,1858.0,8364.0,99121.0,385750.0,2608750.0,237.9677272727273,,,0.31,,
459,1986-05-31,53.4,,94.8,1797.0,8439.0,99248.0,386000.0,2671000.0,238.4590476190476,,,0.86,,
460,1986-06-30,50.5,,99.3,1790.0,8508.0,99155.0,370500.0,2635000.0,245.2957142857143,,-128.872,0.88,8185.303,1.8
461,1986-07-31,48.0,,97.7,1780.0,8319.0,99473.0,362000.0,2608000.0,240.18000000000004,,,0.74,,
462,1986-08-31,52.6,,94.9,1726.0,8135.0,99588.0,407400.0,2655600.0,245.00095238095244,,,1.0,,
463,1986-09-30,52.4,,91.9,1686.0,8310.0,99934.0,395500.0,2707000.0,238.26904761904757,,-138.961,1.56,8263.639,3.9
464,1986-10-31,51.2,,95.6,1675.0,8243.0,100121.0,383250.0,2718750.0,237.35608695652175,,,1.58,,
465,1986-11-30,51.2,,91.4,1644.0,8159.0,100308.0,363200.0,2630800.0,245.0926315789474,,,1.21,,
466,1986-12-31,50.5,,89.1,1903.0,7883.0,100509.0,358250.0,2571250.0,248.60545454545453,,-133.629,0.2,8308.021,2.2
467,1987-01-31,54.9,,90.4,1690.0,7892.0,100678.0,345600.0,2512400.0,264.51095238095235,,,0.65,,
468,1987-02-28,52.6,,90.2,1689.0,7865.0,100919.0,348750.0,2472000.0,280.9342105263158,,,1.15,,
469,1987-03-31,55.0,,90.8,1704.0,7862.0,101164.0,333250.0,2429250.0,292.4713636363636,,-141.234,1.12,8369.93,3.0
470,1987-04-30,55.5,,92.8,1601.0,7542.0,101499.0,336250.0,2411000.0,289.3219047619047,,,1.65,,
471,1987-05-31,57.2,,91.1,1500.0,7574.0,101728.0,331000.0,2324000.0,289.1155,,,1.76,,
472,1987-06-30,57.4,,91.5,1522.0,7398.0,101900.0,322250.0,2279000.0,301.3840909090909,,-146.977,1.67,8460.233,4.4
473,1987-07-31,57.5,,93.7,1516.0,7268.0,102247.0,319250.0,2196500.0,310.0872727272727,,,1.87,,
474,1987-08-31,59.3,,94.4,1511.0,7261.0,102420.0,325600.0,2211600.0,329.3580952380952,,,2.03,,
475,1987-09-30,60.0,,93.6,1514.0,7102.0,102647.0,309750.0,2196750.0,318.6609523809523,,-145.464,2.2,8533.635,3.5
476,1987-10-31,60.7,,89.3,1447.0,7227.0,103138.0,300000.0,2046800.0,280.16409090909093,,,2.23,,
477,1987-11-30,58.8,,83.1,1457.0,7035.0,103372.0,306750.0,2082250.0,245.00850000000005,,,2.17,,
478,1987-12-31,61.0,,86.8,1345.0,6936.0,103661.0,318750.0,2115500.0,240.95590909090905,,-145.405,2.22,8680.162,7.0
479,1988-01-31,57.5,,90.8,1244.0,6953.0,103753.0,335600.0,2188000.0,250.47650000000004,,,1.84,,
480,1988-02-29,56.2,,91.6,1438.0,6929.0,104214.0,318750.0,2141500.0,258.12800000000004,,,1.63,,
481,1988-03-31,54.6,,94.6,1525.0,6876.0,104489.0,305500.0,2112000.0,265.73739130434785,,-123.987,1.79,8725.006,2.1
482,1988-04-30,55.8,,91.2,1429.0,6601.0,104732.0,312200.0,2081200.0,262.6155,,,1.85,,
483,1988-05-31,55.5,,94.8,1444.0,6779.0,104962.0,313750.0,2067750.0,256.12380952380954,,,2.0,,
484,1988-06-30,59.3,,94.7,1485.0,6546.0,105326.0,308250.0,2043000.0,270.6827272727273,,-106.627,1.41,8839.641,5.4
485,1988-07-31,58.2,,93.4,1439.0,6605.0,105550.0,321600.0,2065200.0,269.0495000000001,,,1.31,,
486,1988-08-31,56.0,,97.4,1460.0,6843.0,105674.0,314750.0,2088000.0,263.7265217391305,,,1.25,,
487,1988-09-30,54.5,,97.3,1436.0,6604.0,106013.0,304500.0,2075750.0,267.96999999999997,,-99.263,0.79,8891.435,2.4
488,1988-10-31,55.4,,94.1,1516.0,6568.0,106276.0,291400.0,2015600.0,277.3957142857143,,,0.5,,
489,1988-11-30,55.6,,93.0,1508.0,6537.0,106617.0,290500.0,1978250.0,271.0242857142857,,,0.61,,
490,1988-12-31,56.0,,91.9,1501.0,6518.0,106898.0,293200.0,2045200.0,276.5147619047619,,-107.694,0.35,9009.913,5.4
491,1989-01-31,54.7,,97.9,1466.0,6682.0,107161.0,289750.0,2061000.0,285.4138095238095,,,-0.03,,
492,1989-02-28,54.1,,95.4,1383.0,6359.0,107427.0,303750.0,2113750.0,294.01105263157893,,,-0.19,,
493,1989-03-31,51.5,,94.3,1214.0,6205.0,107621.0,322000.0,2131500.0,292.7131818181818,,-100.965,-0.49,9101.508,4.1
494,1989-04-30,52.2,,91.5,1376.0,6468.0,107791.0,311800.0,2098800.0,302.251,,,-0.66,,
495,1989-05-31,49.3,,90.7,1381.0,6375.0,107913.0,324500.0,2093500.0,313.93000000000006,,,-0.95,,
496,1989-06-30,47.3,,90.6,1322.0,6577.0,108027.0,333000.0,2122750.0,323.7277272727273,,-88.16,-1.25,9170.977,3.1
497,1989-07-31,45.9,,92.0,1283.0,6495.0,108069.0,341600.0,2179400.0,331.9265,,,-1.22,,
498,1989-08-31,45.1,,89.6,1334.0,6511.0,108120.0,334500.0,2207250.0,346.60782608695655,,,-0.88,,
499,1989-09-30,46.0,,95.8,1314.0,6590.0,108369.0,336000.0,2208800.0,347.3295,,-75.075,-0.83,9238.923,3.0
500,1989-10-31,46.8,,93.9,1365.0,6630.0,108476.0,363250.0,2281000.0,347.39727272727276,,,-0.83,,
501,1989-11-30,46.8,,90.9,1344.0,6725.0,108752.0,336750.0,2285000.0,340.2190476190476,,,-0.68,,
502,1989-12-31,47.4,,90.5,1422.0,6667.0,108836.0,355200.0,2285000.0,348.572,,-82.765,-0.61,9257.128,0.8
503,1990-01-31,47.2,,93.0,1748.0,6752.0,109199.0,361000.0,2354750.0,339.97181818181815,,,-0.02,,
504,1990-02-28,49.1,,89.5,1329.0,6651.0,109435.0,358250.0,2354000.0,330.4526315789473,23.262631578947367,,0.23,,
505,1990-03-31,49.9,,91.3,1246.0,6598.0,109644.0,345200.0,2363800.0,338.4649999999999,20.062272727272724,-88.536,0.31,9358.289,4.4
506,1990-04-30,50.0,,93.9,1136.0,6797.0,109686.0,361750.0,2380250.0,338.178,21.4035,,0.53,,
507,1990-05-31,49.5,,90.6,1067.0,6742.0,109839.0,355250.0,2390000.0,350.25,18.097727272727273,,0.58,,
508,1990-06-30,49.2,,88.3,1108.0,6590.0,109856.0,362400.0,2423800.0,360.38666666666677,16.822380952380954,-68.833,0.19,9392.251,1.5
509,1990-07-31,46.6,,88.2,1078.0,6922.0,109824.0,367000.0,2471750.0,360.0309523809524,18.392857142857146,,0.32,,
510,1990-08-31,46.1,,76.4,1069.0,7188.0,109616.0,384250.0,2509250.0,330.74652173913046,28.17521739130435,,0.62,,
511,1990-09-30,44.5,,72.8,976.0,7368.0,109518.0,394000.0,2595400.0,315.4068421052632,29.107368421052637,-74.953,0.69,9398.499,0.3
512,1990-10-31,43.2,,63.9,925.0,7459.0,109367.0,425250.0,2720750.0,307.1247826086957,29.62565217391304,,0.61,,
513,1990-11-30,41.3,,66.0,941.0,7764.0,109214.0,446750.0,2888250.0,315.29095238095243,24.885714285714283,,0.58,,
514,1990-12-31,40.8,,65.5,861.0,7901.0,109166.0,455000.0,2968200.0,328.7495,23.363000000000003,-79.096,0.77,9312.937,-3.6
515,1991-01-31,39.2,,66.8,786.0,8015.0,109055.0,439750.0,3088000.0,325.4854545454545,27.429090909090903,,1.18,,
516,1991-02-28,39.4,,70.4,853.0,8265.0,108734.0,484000.0,3262750.0,362.2631578947368,21.59842105263158,,1.6,,
517,1991-03-31,40.7,,87.7,911.0,8586.0,108574.0,498600.0,3419000.0,372.279,17.9185,-47.14,1.99,9269.367,-1.9
518,1991-04-30,42.8,,81.8,916.0,8439.0,108364.0,467250.0,3483250.0,379.6786363636364,17.37272727272727,,2.13,,
519,1991-05-31,44.5,,78.3,991.0,8736.0,108249.0,447000.0,3486750.0,377.9922727272726,16.93227272727273,,2.29,,
520,1991-06-30,50.3,,82.1,964.0,8692.0,108334.0,428600.0,3426800.0,378.293,17.135000000000005,-23.188,2.38,9341.642,3.2
521,1991-07-31,50.6,,82.9,973.0,8586.0,108292.0,418250.0,3307500.0,380.22681818181826,17.29409090909091,,2.45,,
522,1991-08-31,52.9,,82.0,944.0,8666.0,108310.0,431600.0,3291800.0,389.40318181818196,15.681363636363635,,2.24,,
523,1991-09-30,54.9,,83.0,974.0,8722.0,108336.0,424500.0,3296250.0,387.1985,16.956500000000005,-21.074,2.2,9388.845,2.0
524,1991-10-31,53.1,,78.3,991.0,8842.0,108357.0,422750.0,3311000.0,386.88347826086954,16.36391304347826,,2.32,,
525,1991-11-30,49.5,,69.1,984.0,8931.0,108296.0,445400.0,3310600.0,385.9195000000001,17.773500000000002,,2.61,,
526,1991-12-31,46.8,,68.2,1061.0,9198.0,108328.0,456750.0,3349250.0,388.5104761904762,18.347619047619048,-23.053,2.66,9421.565,1.4
527,1992-01-31,47.3,,67.5,1077.0,9283.0,108369.0,439000.0,3353250.0,416.075,17.68318181818182,,3.0,,
528,1992-02-29,52.7,,68.8,1146.0,9454.0,108311.0,442200.0,3314600.0,412.55578947368423,17.47736842105263,,3.28,,
529,1992-03-31,54.6,,76.0,1082.0,9460.0,108365.0,429500.0,3312000.0,407.3645454545454,17.520454545454548,-20.536,3.56,9534.346,4.9
530,1992-04-30,52.6,,77.2,1054.0,9415.0,108519.0,418250.0,3343750.0,407.4071428571429,16.562857142857144,,3.75,,
531,1992-05-31,55.7,,79.2,1056.0,9744.0,108649.0,417400.0,3344800.0,414.81450000000007,15.076999999999998,,3.57,,
532,1992-06-30,53.6,,80.4,1057.0,10040.0,108715.0,418750.0,3289750.0,408.27454545454543,15.203181818181816,-32.788,3.5,9637.732,4.4
533,1992-07-31,53.9,,76.6,1089.0,9850.0,108793.0,442750.0,3217750.0,415.0513636363636,13.601818181818182,,3.59,,
534,1992-08-31,53.4,,76.1,1075.0,9787.0,108925.0,407200.0,3250200.0,417.92714285714294,14.421904761904763,,3.29,,
535,1992-09-30,49.7,,75.6,1114.0,9781.0,108959.0,417000.0,3204250.0,418.4771428571429,13.696666666666669,-38.488,3.2,9732.979,4.0
536,1992-10-31,50.3,,73.3,1132.0,9398.0,109139.0,377800.0,3062400.0,412.50272727272727,17.63681818181818,,3.49,,
537,1992-11-30,53.6,,85.3,1118.0,9565.0,109272.0,362250.0,2949000.0,422.84399999999994,14.4245,,3.78,,
538,1992-12-31,54.2,,91.0,1176.0,9557.0,109495.0,339000.0,2823750.0,435.6395454545454,12.191363636363638,-47.14,3.85,9834.51,4.2
539,1993-01-31,55.8,,89.3,1177.0,9325.0,109794.0,345600.0,2713000.0,435.229,12.408999999999999,,3.58,,
540,1993-02-28,55.2,,86.6,1148.0,9183.0,110044.0,338250.0,2641000.0,441.70368421052626,13.72157894736842,,3.23,,
541,1993-03-31,53.5,,85.9,1056.0,9056.0,109994.0,351000.0,2687500.0,450.1552173913044,13.606086956521736,-55.704,2.91,9850.973,0.7
542,1993-04-30,50.2,,85.6,1104.0,9110.0,110296.0,354750.0,2775500.0,443.077619047619,12.840952380952384,,3.01,,
543,1993-05-31,51.2,,80.3,1112.0,9149.0,110568.0,343600.0,2778400.0,445.2465,13.606,,3.04,,
544,1993-06-30,49.6,,81.5,1130.0,9121.0,110749.0,342750.0,2812000.0,448.05954545454557,12.52409090909091,-63.187,2.92,9908.347,2.3
545,1993-07-31,50.2,,77.0,1174.0,8930.0,111055.0,350800.0,2782800.0,447.2861904761905,11.50047619047619,,2.75,,
546,1993-08-31,50.7,,77.3,1230.0,8763.0,111206.0,341000.0,2803250.0,454.1277272727273,11.928636363636365,,2.65,,
547,1993-09-30,50.8,,77.9,1251.0,8714.0,111448.0,339000.0,2826000.0,459.23523809523823,12.931428571428574,-68.354,2.27,9955.641,1.9
548,1993-10-31,53.4,,82.7,1287.0,8750.0,111733.0,349800.0,2825000.0,463.9,11.875238095238094,,2.34,,
549,1993-11-30,53.8,,81.2,1357.0,8542.0,111984.0,341000.0,2800750.0,462.89047619047625,14.083809523809524,,2.7,,
550,1993-12-31,55.6,,88.2,1461.0,8477.0,112314.0,323000.0,2762250.0,465.9454545454546,11.356363636363637,-73.449,2.81,10091.049,5.6
551,1994-01-31,56.0,,94.3,1390.0,8630.0,112595.0,359200.0,2709600.0,472.99285714285725,11.29047619047619,,2.7,,
552,1994-02-28,56.5,,93.2,1269.0,8583.0,112781.0,348500.0,2792500.0,471.5799999999999,13.64421052631579,,2.72,,
553,1994-03-31,56.9,,91.5,1342.0,8470.0,113242.0,335750.0,2754500.0,463.80782608695654,15.223478260869562,-80.595,3.14,10188.954,3.9
554,1994-04-30,57.4,,92.6,1392.0,8331.0,113586.0,344000.0,2736600.0,447.23210526315796,16.471052631578946,,3.41,,
555,1994-05-31,58.2,,92.8,1396.0,7915.0,113921.0,359000.0,2752750.0,450.89857142857136,13.897142857142859,,3.17,,
556,1994-06-30,58.8,,91.2,1357.0,7927.0,114238.0,340000.0,2720000.0,454.8259090909091,13.408636363636367,-90.572,2.85,10327.019,5.5
557,1994-07-31,58.5,,89.0,1335.0,7946.0,114610.0,342200.0,2659600.0,451.40099999999995,12.4845,,3.04,,
558,1994-08-31,58.0,,91.7,1377.0,7933.0,114896.0,336250.0,2647500.0,464.24304347826086,11.889130434782608,,2.77,,
559,1994-09-30,59.0,,91.5,1412.0,7734.0,115247.0,330250.0,2629250.0,466.9580952380952,13.233333333333333,-96.868,2.73,10387.382,2.4
560,1994-10-31,59.4,,92.7,1397.0,7632.0,115458.0,333400.0,2574000.0,463.8138095238096,15.245238095238097,,2.98,,
561,1994-11-30,59.2,,91.6,1340.0,7375.0,115869.0,328000.0,2532250.0,461.01523809523815,16.38380952380952,,2.67,,
562,1994-12-31,56.1,,95.1,1396.0,7230.0,116165.0,323200.0,2528800.0,455.1866666666668,14.177142857142856,-101.913,2.36,10506.372,4.7
563,1995-01-31,57.4,,97.6,1282.0,7375.0,116501.0,333500.0,2512500.0,465.2499999999999,12.274285714285714,,2.25,,
564,1995-02-28,55.1,,95.1,1254.0,7187.0,116697.0,337750.0,2522500.0,481.92473684210523,11.47,,1.55,,
565,1995-03-31,52.1,,90.3,1226.0,7153.0,116907.0,340250.0,2531250.0,493.1530434782608,12.166521739130435,-105.329,1.22,10543.644,1.4
566,1995-04-30,51.5,,92.5,1259.0,7645.0,117069.0,350200.0,2519400.0,507.90578947368414,12.442631578947369,,1.01,,
567,1995-05-31,46.7,,89.8,1271.0,7430.0,117049.0,370250.0,2573000.0,523.8136363636363,12.265909090909092,,0.62,,
568,1995-06-30,45.9,,92.7,1305.0,7427.0,117286.0,366250.0,2606750.0,539.3540909090909,11.896818181818183,-109.492,0.17,10575.1,1.2
569,1995-07-31,50.7,,94.4,1354.0,7527.0,117380.0,371400.0,2622800.0,557.3665,12.514000000000003,,0.43,,
570,1995-08-31,47.1,,96.2,1386.0,7484.0,117634.0,356250.0,2607250.0,559.1099999999999,12.798260869565214,,0.75,,
571,1995-09-30,48.1,,88.9,1421.0,7478.0,117875.0,362000.0,2626800.0,578.7655,12.057,-74.444,0.4,10665.06,3.5
572,1995-10-31,46.7,,90.2,1400.0,7328.0,118031.0,371500.0,2663250.0,582.9181818181817,14.357272727272726,,0.28,,
573,1995-11-30,45.9,,88.2,1430.0,7426.0,118175.0,377000.0,2672000.0,595.532380952381,12.46904761904762,,0.13,,
574,1995-12-31,46.2,,91.0,1442.0,7423.0,118320.0,365000.0,2612600.0,614.5710000000001,11.7485,-69.78,0.11,10737.478,2.7
575,1996-01-31,45.5,,89.3,1387.0,7491.0,118316.0,374000.0,2648750.0,614.4200000000001,13.473636363636361,,0.09,,
576,1996-02-29,45.9,,88.5,1420.0,7313.0,118739.0,377250.0,2692750.0,649.5420000000001,15.033000000000001,,0.59,,
577,1996-03-31,46.9,,93.7,1437.0,7318.0,118993.0,386400.0,2685000.0,647.0747619047619,17.76238095238095,-88.795,0.96,10817.896,3.0
578,1996-04-30,49.3,,92.7,1463.0,7415.0,119158.0,359250.0,2633500.0,647.1728571428571,16.575238095238095,,1.29,,
579,1996-05-31,49.1,,89.4,1457.0,7423.0,119486.0,344500.0,2590500.0,661.2304545454547,16.14636363636364,,1.5,,
580,1996-06-30,53.6,,92.4,1429.0,7095.0,119769.0,342200.0,2548000.0,668.4989999999999,16.395000000000003,-93.709,1.64,10998.322,6.8
581,1996-07-31,49.7,,94.7,1450.0,7337.0,120015.0,337000.0,2490000.0,644.0704545454546,17.978636363636358,,1.47,,
582,1996-08-31,51.6,,95.3,1413.0,6882.0,120199.0,331800.0,2494400.0,662.6822727272727,15.760454545454547,,1.42,,
583,1996-09-30,51.1,,94.7,1392.0,6979.0,120410.0,342750.0,2473000.0,674.8855000000001,16.578000000000007,-114.18,1.53,11096.976,3.6
584,1996-10-31,50.5,,96.5,1358.0,7031.0,120665.0,339000.0,2460250.0,701.4556521739131,16.38173913043478,,1.29,,
585,1996-11-30,53.0,,99.2,1412.0,7236.0,120961.0,336400.0,2428600.0,735.6690000000001,15.996999999999995,,0.89,,
586,1996-12-31,55.2,,96.9,1411.0,7253.0,121143.0,353500.0,2487750.0,743.2490476190478,19.260952380952382,-88.822,1.01,11212.205,4.2
587,1997-01-31,53.8,,97.4,1382.0,7158.0,121363.0,339000.0,2487750.0,766.2168181818182,19.47318181818182,,1.33,,
588,1997-02-28,53.1,,99.7,1445.0,7102.0,121675.0,320750.0,2415000.0,798.3842105263159,20.13947368421053,,1.23,,
589,1997-03-31,53.8,,100.0,1436.0,7000.0,121990.0,319400.0,2347600.0,792.1555000000001,20.169999999999995,-108.839,1.3,11284.587,2.6
590,1997-04-30,53.7,,101.4,1421.0,6873.0,122286.0,327000.0,2324250.0,763.9281818181819,19.662272727272725,,1.38,,
591,1997-05-31,56.1,,103.2,1414.0,6655.0,122546.0,323800.0,2302800.0,833.0914285714287,19.924761904761905,,1.21,,
592,1997-06-30,54.9,,104.5,1402.0,6799.0,122814.0,325500.0,2295500.0,876.2861904761904,20.194285714285712,-85.201,0.93,11472.137,6.8
593,1997-07-31,57.7,,107.1,1440.0,6655.0,123111.0,320250.0,2269500.0,925.2945454545456,20.529090909090908,,0.7,,
594,1997-08-31,56.3,62.0,104.4,1449.0,6608.0,123093.0,330200.0,2272400.0,927.7357142857143,23.084761904761905,,0.76,,
595,1997-09-30,53.9,56.2,106.0,1494.0,6656.0,123585.0,315250.0,2234750.0,937.0242857142858,23.812380952380956,-96.831,0.67,11615.636,5.1
596,1997-10-31,56.4,56.6,105.6,1499.0,6454.0,123929.0,310000.0,2215500.0,951.1595652173912,23.870869565217394,,0.53,,
597,1997-11-30,55.7,58.5,107.2,1469.0,6308.0,124235.0,314600.0,2215000.0,938.9236842105265,32.03473684210526,,0.36,,
598,1997-12-31,54.5,,102.1,1456.0,6476.0,124549.0,313250.0,2235250.0,962.3654545454544,26.276363636363637,-117.014,0.31,11715.393,3.5
599,1998-01-31,53.8,,106.6,1555.0,6368.0,124812.0,321200.0,2275200.0,963.359,23.866499999999995,,-0.02,,
600,1998-02-28,52.9,56.2,110.4,1647.0,6306.0,125016.0,319000.0,2224250.0,1023.742105263158,19.998947368421053,,0.06,,
601,1998-03-31,52.9,54.7,106.5,1605.0,6422.0,125164.0,315000.0,2221750.0,1076.8277272727273,20.158636363636365,-135.215,0.16,11832.486,4.1
602,1998-04-30,52.2,54.9,108.7,1547.0,5941.0,125442.0,311000.0,2182500.0,1112.1961904761904,22.02857142857143,,0.19,,
603,1998-05-31,50.9,56.2,106.5,1554.0,6047.0,125844.0,311200.0,2134600.0,1108.417,20.874,,0.16,,
604,1998-06-30,48.9,55.1,105.6,1551.0,6212.0,126076.0,338000.0,2214250.0,1108.3895454545457,21.66272727272727,-162.331,-0.06,11942.032,3.8
605,1998-07-31,49.2,55.8,105.2,1610.0,6259.0,126205.0,333000.0,2333750.0,1156.5772727272727,19.930000000000003,,-0.08,,
606,1998-08-31,49.3,53.5,104.4,1654.0,6179.0,126544.0,312600.0,2237600.0,1074.620476190476,31.58809523809524,,-0.21,,
607,1998-09-30,48.7,55.0,100.9,1577.0,6300.0,126752.0,304000.0,2153000.0,1020.64,38.20476190476191,-174.634,-0.7,12091.614,5.1
608,1998-10-31,48.7,53.8,97.4,1719.0,6280.0,126954.0,310600.0,2164400.0,1032.4699999999998,36.60818181818182,,-0.54,,
609,1998-11-30,48.2,52.6,102.7,1672.0,6100.0,127231.0,316000.0,2203750.0,1144.4335,26.222999999999995,,0.0,,
610,1998-12-31,46.8,55.5,100.5,1742.0,6032.0,127596.0,316000.0,2220250.0,1190.0509090909093,25.479090909090907,-178.663,-0.03,12287.0,6.6
611,1999-01-31,50.6,55.6,103.9,1732.0,5976.0,127702.0,326200.0,2287200.0,1248.774736842105,28.03526315789474,,0.09,,
612,1999-02-28,51.7,54.4,108.1,1720.0,6111.0,128120.0,301500.0,2240500.0,1246.5821052631577,28.82263157894737,,0.24,,
613,1999-03-31,52.4,55.3,105.7,1665.0,5783.0,128227.0,302750.0,2227000.0,1281.6639130434783,25.3095652173913,-207.731,0.42,12403.293,3.8
614,1999-04-30,52.3,55.5,104.6,1600.0,6004.0,128597.0,308500.0,2237500.0,1334.7566666666667,23.478571428571428,,0.44,,
615,1999-05-31,54.3,55.3,106.8,1640.0,5796.0,128808.0,301600.0,2214400.0,1332.074,26.204499999999996,,0.8,,
616,1999-06-30,55.8,56.7,107.3,1702.0,5951.0,129089.0,294000.0,2192250.0,1322.5527272727272,23.626363636363635,-244.668,1.14,12498.694,3.1
617,1999-07-31,53.6,56.2,106.0,1682.0,6025.0,129414.0,298000.0,2193200.0,1380.99,21.04904761904762,,0.8,,
618,1999-08-31,54.8,56.4,104.5,1671.0,5838.0,129569.0,290750.0,2180250.0,1327.4886363636365,24.323636363636357,,0.87,,
619,1999-09-30,57.0,56.2,107.2,1551.0,5915.0,129772.0,289500.0,2162000.0,1318.1719047619047,24.541428571428572,-275.3,0.7,12662.385,5.3
620,1999-10-31,57.2,57.6,103.2,1649.0,5778.0,130177.0,290400.0,2102800.0,1300.01,24.02142857142857,,0.91,,
621,1999-11-30,58.1,54.9,107.2,1672.0,5716.0,130466.0,281750.0,2085750.0,1391.0028571428568,21.818095238095236,,0.61,,
622,1999-12-31,57.8,52.9,105.4,1683.0,5653.0,130772.0,278500.0,2097250.0,1428.6840909090909,22.159090909090907,-295.638,0.98,12877.593,7.0
623,2000-01-31,56.7,56.6,112.0,1727.0,5708.0,131005.0,288400.0,2109800.0,1425.5855,23.201999999999998,,1.21,,
624,2000-02-29,55.8,56.2,111.3,1692.0,5858.0,131124.0,293750.0,2147500.0,1388.8745,23.5955,,0.79,,
625,2000-03-31,54.9,57.4,107.1,1651.0,5733.0,131596.0,274750.0,2079000.0,1442.212608695652,22.71826086956522,-352.106,0.41,12924.179,1.5
626,2000-04-30,54.7,58.0,109.2,1597.0,5481.0,131888.0,271600.0,2015400.0,1461.355263157895,27.164210526315788,,-0.03,,
627,2000-05-31,53.2,57.7,110.7,1543.0,5758.0,132105.0,282250.0,1989500.0,1418.4795454545454,26.373181818181816,,0.17,,
628,2000-06-30,51.4,56.9,106.4,1572.0,5651.0,132061.0,291000.0,2028250.0,1461.959090909091,21.54,-358.736,-0.43,13160.842,7.5
629,2000-07-31,52.5,55.3,108.3,1542.0,5747.0,132236.0,295000.0,2085600.0,1473.0024999999998,19.893,,-0.49,,
630,2000-08-31,49.9,57.6,107.3,1552.0,5853.0,132230.0,312750.0,2117250.0,1485.4582608695653,18.088695652173914,,-0.67,,
631,2000-09-30,49.7,56.7,106.8,1570.0,5625.0,132353.0,300200.0,2119600.0,1468.0539999999999,19.687500000000004,-387.846,-0.72,13178.419,0.5
632,2000-10-31,48.7,56.7,105.8,1577.0,5534.0,132351.0,301000.0,2116250.0,1390.144090909091,25.2,,-0.77,,
633,2000-11-30,48.5,56.2,107.6,1614.0,5639.0,132556.0,334250.0,2211250.0,1375.037619047619,26.38285714285714,,-0.79,,
634,2000-12-31,43.9,56.9,98.4,1543.0,5634.0,132709.0,346000.0,2306400.0,1330.9295000000002,26.5305,-401.511,-1.16,13260.506,2.5
635,2001-01-31,42.3,51.6,94.7,1699.0,6023.0,132698.0,340000.0,2395750.0,1335.6390476190475,24.918571428571425,,-0.82,,
636,2001-02-28,42.1,51.3,90.6,1656.0,6089.0,132789.0,371250.0,2486500.0,1305.7515789473684,23.411578947368422,,-0.39,,
637,2001-03-31,43.1,50.7,91.5,1659.0,6141.0,132747.0,387200.0,2585400.0,1185.8500000000001,28.49681818181818,-390.755,-0.42,13222.69,-1.1
638,2001-04-30,42.7,48.3,88.4,1666.0,6271.0,132463.0,396750.0,2697250.0,1189.837,28.134000000000004,,0.34,,
639,2001-05-31,41.3,49.0,92.0,1665.0,6226.0,132410.0,394500.0,2819250.0,1270.3686363636364,22.944090909090907,,1.18,,
640,2001-06-30,43.2,50.1,92.6,1626.0,6484.0,132299.0,397200.0,2947400.0,1238.7104761904761,20.940476190476186,-358.543,1.31,13299.984,2.4
641,2001-07-31,43.5,48.1,92.4,1598.0,6583.0,132177.0,398000.0,3030750.0,1204.449523809524,22.316190476190474,,1.47,,
642,2001-08-31,46.3,46.9,91.5,1615.0,7042.0,132028.0,398000.0,3120000.0,1178.5039130434782,21.861739130434785,,1.32,,
643,2001-09-30,46.2,49.5,81.8,1565.0,7142.0,131771.0,435000.0,3262200.0,1044.644,35.065333333333335,-365.976,1.66,13244.784,-1.7
644,2001-10-31,40.8,44.8,82.7,1566.0,7694.0,131454.0,480750.0,3527500.0,1076.5904347826088,32.721304347826084,,2.08,,
645,2001-11-30,44.1,48.2,83.9,1651.0,8003.0,131142.0,447500.0,3656500.0,1129.6833333333334,26.63095238095238,,2.56,,
646,2001-12-31,45.3,54.0,88.8,1680.0,8258.0,130982.0,416800.0,3589400.0,1144.9299999999998,23.72,-356.441,3.27,13280.859,1.1
647,2002-01-31,47.5,48.9,93.0,1665.0,8182.0,130852.0,408500.0,3550500.0,1140.2076190476191,22.25285714285714,,3.31,,
648,2002-02-28,50.7,52.7,90.7,1787.0,8215.0,130736.0,399000.0,3554250.0,1100.668947368421,22.87578947368421,,3.17,,
649,2002-03-31,52.4,52.8,95.7,1691.0,8304.0,130717.0,415400.0,3610800.0,1153.791,18.984999999999996,-372.592,3.55,13397.002,3.5
650,2002-04-30,52.4,53.5,93.0,1669.0,8599.0,130623.0,429250.0,3689250.0,1112.0345454545452,19.900454545454547,,3.46,,
651,2002-05-31,53.1,54.8,96.9,1716.0,8399.0,130634.0,409000.0,3712000.0,1079.2672727272727,20.087727272727275,,3.41,,
652,2002-06-30,53.6,52.5,92.4,1758.0,8393.0,130684.0,387200.0,3635200.0,1014.0479999999998,25.271000000000004,-415.681,3.18,13478.152,2.4
653,2002-07-31,50.2,50.4,88.1,1738.0,8390.0,130590.0,386000.0,3504250.0,903.5854545454545,34.04954545454545,,2.92,,
654,2002-08-31,50.3,50.9,87.6,1695.0,8304.0,130587.0,393600.0,3516800.0,912.5522727272728,33.74272727272727,,2.52,,
655,2002-09-30,50.5,52.3,86.1,1803.0,8251.0,130501.0,409500.0,3555000.0,867.8120000000001,37.6475,-432.521,2.12,13538.072,1.8
656,2002-10-31,49.0,51.4,80.6,1799.0,8307.0,130628.0,407500.0,3555750.0,854.6313043478261,35.24304347826087,,2.19,,
657,2002-11-30,48.5,52.9,84.2,1771.0,8520.0,130615.0,392200.0,3482400.0,909.927,28.175000000000004,,2.71,,
658,2002-12-31,51.6,49.7,86.7,1896.0,8640.0,130472.0,414250.0,3482750.0,899.1785714285712,28.21047619047619,-480.814,2.79,13559.032,0.6
659,2003-01-31,51.3,53.3,82.4,1808.0,8520.0,130580.0,395000.0,3414500.0,895.8361904761905,27.424285714285713,,2.81,,
660,2003-02-28,48.8,52.6,79.9,1854.0,8618.0,130444.0,411000.0,3437000.0,837.6189473684211,32.218421052631584,,2.64,,
661,2003-03-31,46.3,49.1,77.6,1757.0,8588.0,130232.0,427400.0,3540800.0,846.6214285714287,30.634285714285717,-504.852,2.56,13634.253,2.2
662,2003-04-30,46.1,50.1,86.0,1803.0,8842.0,130177.0,436250.0,3629750.0,890.0257142857141,23.991904761904756,,2.7,,
663,2003-05-31,49.0,52.8,92.1,1835.0,8957.0,130196.0,424000.0,3719200.0,935.9628571428572,20.239523809523813,,2.31,,
664,2003-06-30,49.0,54.3,89.7,1875.0,9266.0,130194.0,421750.0,3701500.0,987.9952380952382,20.36238095238095,-501.536,2.11,13751.543,3.5
665,2003-07-31,51.0,57.3,90.9,1885.0,9011.0,130191.0,411500.0,3616250.0,992.5409090909092,19.16136363636364,,2.97,,
666,2003-08-31,53.2,59.1,89.3,1966.0,8896.0,130149.0,400200.0,3596400.0,989.5319047619047,19.274285714285714,,3.42,,
667,2003-09-30,52.4,57.6,87.7,1961.0,8921.0,130254.0,395500.0,3575750.0,1019.4419047619049,19.532380952380954,-500.763,3.26,13985.073,7.0
668,2003-10-31,55.2,58.7,89.6,2012.0,8732.0,130454.0,382000.0,3486250.0,1038.7343478260868,18.023478260869567,,3.28,,
669,2003-11-30,58.4,57.5,93.7,1918.0,8576.0,130474.0,363000.0,3373400.0,1049.8989473684212,17.401052631578946,,3.3,,
670,2003-12-31,60.1,52.3,92.6,1987.0,8317.0,130588.0,358250.0,3270250.0,1080.635909090909,16.826363636363638,-505.355,3.29,14145.645,4.7
671,2004-01-31,60.8,61.2,103.8,1952.0,8370.0,130769.0,360200.0,3148200.0,1132.5175,16.101,,3.15,,
672,2004-02-29,59.9,58.0,94.4,1966.0,8167.0,130825.0,360750.0,3114750.0,1143.3563157894735,15.99842105263158,,3.07,,
673,2004-03-31,60.6,58.3,95.8,2066.0,8491.0,131142.0,342000.0,3046250.0,1123.9782608695652,17.687391304347823,-548.966,2.83,14221.147,2.2
674,2004-04-30,60.6,59.6,94.2,2070.0,8170.0,131411.0,348250.0,3000750.0,1133.0785714285712,15.69857142857143,,3.35,,
675,2004-05-31,61.4,58.5,90.2,2150.0,8212.0,131694.0,336200.0,2975600.0,1102.7814999999998,17.705,,3.72,,
676,2004-06-30,60.5,58.6,95.6,2020.0,8286.0,131793.0,349000.0,2950750.0,1132.757142857143,15.357142857142858,-608.024,3.7,14329.523,3.1
677,2004-07-31,59.9,58.5,96.7,2112.0,8136.0,131848.0,343000.0,2917000.0,1105.8466666666666,15.50238095238095,,3.24,,
678,2004-08-31,58.5,57.3,95.9,2056.0,7990.0,131937.0,340750.0,2891500.0,1088.935,16.68409090909091,,2.85,,
679,2004-09-30,57.4,57.9,94.2,2041.0,7927.0,132093.0,337250.0,2862750.0,1117.6561904761907,14.08095238095238,-636.429,2.52,14464.984,3.8
680,2004-10-31,56.3,58.8,91.7,2097.0,8061.0,132447.0,334000.0,2778000.0,1118.0680952380953,14.973809523809523,,2.34,,
681,2004-11-30,56.2,58.4,92.8,2079.0,7932.0,132503.0,328750.0,2734500.0,1168.937619047619,13.577142857142857,,2.26,,
682,2004-12-31,57.2,56.8,97.1,2082.0,7934.0,132624.0,325250.0,2719000.0,1199.2095454545454,12.459545454545456,-682.881,2.07,14609.876,4.1
683,2005-01-31,56.8,58.0,95.5,2139.0,7784.0,132774.0,343400.0,2723800.0,1181.408,13.438000000000002,,1.94,,
684,2005-02-28,55.5,59.4,94.1,2114.0,7980.0,133032.0,311750.0,2686500.0,1199.626842105263,11.708947368421052,,1.67,,
685,2005-03-31,55.2,58.0,92.6,2062.0,7737.0,133156.0,332000.0,2659500.0,1194.8977272727273,13.126363636363635,-674.59,1.87,14771.602,4.5
686,2005-04-30,52.2,55.6,87.7,2150.0,7672.0,133518.0,323200.0,2604400.0,1164.4276190476187,14.45904761904762,,1.55,,
687,2005-05-31,50.8,55.3,86.9,2085.0,7651.0,133690.0,327000.0,2586250.0,1178.275714285714,13.967619047619044,,1.14,,
688,2005-06-30,52.4,58.1,96.0,2178.0,7524.0,133942.0,325750.0,2600000.0,1202.2531818181815,11.868636363636368,-690.79,0.96,14839.782,1.9
689,2005-07-31,52.8,59.5,96.5,2203.0,7406.0,134296.0,324400.0,2595200.0,1222.237,11.049,,0.92,,
690,2005-08-31,52.4,61.3,89.1,2219.0,7345.0,134498.0,315750.0,2580750.0,1224.2699999999998,12.951304347826085,,0.76,,
691,2005-09-30,56.8,55.7,76.9,2263.0,7553.0,134566.0,382750.0,2716500.0,1225.9147619047621,12.628095238095238,-732.505,0.58,14972.054,3.6
692,2005-10-31,57.2,57.4,74.2,2170.0,7453.0,134655.0,352200.0,2803400.0,1191.9642857142858,14.937619047619048,,0.68,,
693,2005-11-30,56.7,59.1,81.6,2218.0,7566.0,134993.0,317250.0,2701250.0,1237.3685714285714,12.147619047619045,,0.54,,
694,2005-12-31,55.1,59.6,91.5,2120.0,7279.0,135149.0,316400.0,2639400.0,1262.0719047619048,11.26,-786.886,0.31,15066.597,2.6
695,2006-01-31,55.0,56.3,91.2,2212.0,7064.0,135429.0,295750.0,2557000.0,1278.7225000000003,12.035999999999998,,0.13,,
696,2006-02-28,55.8,57.6,86.7,2141.0,7184.0,135737.0,290750.0,2507250.0,1276.6452631578948,12.471052631578948,,0.08,,
697,2006-03-31,54.3,56.9,88.9,2118.0,7072.0,136047.0,301750.0,2455500.0,1293.734782608696,11.69391304347826,-777.158,0.13,15267.026,5.4
698,2006-04-30,55.2,58.4,87.4,1998.0,7120.0,136205.0,303600.0,2401000.0,1302.165263157895,11.84736842105263,,0.2,,
699,2006-05-31,53.7,57.0,79.1,1905.0,6980.0,136244.0,332750.0,2383750.0,1290.0136363636366,14.454545454545455,,0.17,,
700,2006-06-30,52.0,55.2,84.9,1867.0,7001.0,136325.0,305500.0,2408500.0,1253.168181818182,16.91863636363636,-780.585,0.12,15302.705,0.9
701,2006-07-31,53.0,55.6,84.7,1763.0,7175.0,136520.0,318800.0,2449400.0,1260.2345000000003,15.325999999999999,,-0.15,,
702,2006-08-31,53.7,53.9,82.0,1722.0,7091.0,136694.0,314250.0,2466250.0,1287.1495652173912,13.351739130434781,,-0.37,,
703,2006-09-30,52.2,54.5,85.4,1655.0,6847.0,136843.0,316200.0,2446200.0,1317.7429999999997,12.184500000000002,-805.63,-0.53,15326.368,0.6
704,2006-10-31,51.4,54.9,93.6,1570.0,6727.0,136852.0,315500.0,2446250.0,1363.3772727272728,11.306363636363638,,-0.52,,
705,2006-11-30,50.3,54.5,92.1,1535.0,6872.0,137063.0,326250.0,2476000.0,1388.634761904762,10.81761904761905,,-0.65,,
706,2006-12-31,51.4,59.0,91.7,1638.0,6762.0,137249.0,324000.0,2481200.0,1416.4199999999998,10.964500000000001,-720.325,-0.68,15456.928,3.5
707,2007-01-31,49.5,55.6,96.9,1626.0,7116.0,137477.0,317250.0,2524250.0,1424.161,11.0425,,-0.49,,
708,2007-02-28,51.9,54.2,91.3,1598.0,6927.0,137558.0,322750.0,2569250.0,1444.7947368421053,11.155263157894737,,-0.54,,
709,2007-03-31,50.7,52.0,88.4,1596.0,6731.0,137793.0,309400.0,2519000.0,1406.9518181818182,15.162727272727277,-724.314,-0.7,15493.328,0.9
710,2007-04-30,52.6,53.3,87.1,1470.0,6850.0,137842.0,320250.0,2496000.0,1463.6404999999997,12.932999999999998,,-0.56,,
711,2007-05-31,52.5,54.2,88.3,1493.0,6766.0,137993.0,304250.0,2447750.0,1511.136818181818,13.297727272727274,,-0.5,,
712,2007-06-30,52.6,55.3,85.3,1407.0,6979.0,138069.0,315200.0,2482000.0,1514.4895238095237,14.94761904761905,-731.908,-0.15,15582.085,2.3
713,2007-07-31,52.4,53.6,90.4,1361.0,7149.0,138038.0,313250.0,2542250.0,1520.704761904762,17.273333333333333,,-0.26,,
714,2007-08-31,50.9,52.8,83.4,1321.0,7067.0,138015.0,320000.0,2553000.0,1454.616956521739,25.026086956521734,,-0.35,,
715,2007-09-30,51.0,52.5,83.4,1261.0,7170.0,138095.0,313400.0,2537200.0,1497.116315789474,22.198947368421056,-713.796,-0.42,15666.738,2.2
716,2007-10-31,51.1,53.5,80.9,1192.0,7237.0,138174.0,328250.0,2561750.0,1539.6586956521737,19.11565217391305,,-0.23,,
717,2007-11-30,50.5,52.7,76.1,1224.0,7240.0,138284.0,336000.0,2616750.0,1463.3852380952383,25.58238095238095,,-0.34,,
718,2007-12-31,49.0,53.7,75.5,1149.0,7645.0,138392.0,348200.0,2712000.0,1479.2235,21.651000000000003,-703.687,-0.14,15761.967,2.5
719,2008-01-31,50.3,45.0,78.4,1094.0,7685.0,138403.0,338750.0,2798750.0,1378.7638095238096,25.816190476190474,,-0.2,,
720,2008-02-29,47.6,49.9,70.8,1014.0,7497.0,138324.0,346750.0,2844250.0,1354.8725,25.455999999999996,,0.76,,
721,2008-03-31,48.3,49.4,69.5,967.0,7822.0,138275.0,363400.0,2912800.0,1316.943,27.103500000000004,-756.179,0.9,15671.383,-2.3
722,2008-04-30,48.8,51.8,62.6,1008.0,7637.0,138035.0,359500.0,2964000.0,1370.4690909090907,21.562727272727273,,1.4,,
723,2008-05-31,48.8,51.4,59.8,995.0,8395.0,137858.0,366800.0,3013600.0,1403.2176190476189,18.30333333333333,,1.9,,
724,2008-06-30,49.8,48.3,56.4,1180.0,8575.0,137687.0,383250.0,3057750.0,1341.2509523809526,22.11047619047619,-758.947,2.1,15752.308,2.1
725,2008-07-31,50.0,50.0,61.2,921.0,8937.0,137491.0,398000.0,3176250.0,1257.3263636363636,24.321363636363643,,2.0,,
726,2008-08-31,49.2,50.6,63.0,858.0,9438.0,137213.0,433000.0,3378000.0,1281.472380952381,20.69571428571429,,1.89,,
727,2008-09-30,44.8,49.4,70.3,797.0,9494.0,136753.0,464000.0,3521750.0,1217.0228571428572,30.23857142857143,-771.564,1.88,15667.032,-2.1
728,2008-10-31,38.9,44.7,57.6,736.0,10074.0,136272.0,475250.0,3731000.0,968.8008695652173,61.177391304347836,,2.84,,
729,2008-11-30,36.5,37.6,55.3,626.0,10538.0,135545.0,519800.0,4096600.0,883.0405263157895,62.63947368421053,,3.14,,
730,2008-12-31,33.1,40.0,60.1,554.0,11286.0,134839.0,564000.0,4522250.0,877.561818181818,52.405000000000015,-605.663,2.26,15328.027,-8.4
731,2009-01-31,34.9,43.1,61.2,545.0,12058.0,134055.0,572000.0,4861200.0,865.5755000000001,44.683,,2.37,,
732,2009-02-28,35.5,41.5,56.3,558.0,12898.0,133312.0,644000.0,5297000.0,805.2273684210526,45.57052631578947,,2.65,,
733,2009-03-31,36.0,40.0,57.3,513.0,13426.0,132512.0,659250.0,5765750.0,757.1268181818184,44.79545454545454,-396.112,2.64,15155.94,-4.4
734,2009-04-30,39.5,43.4,65.1,521.0,13853.0,131817.0,627750.0,6184500.0,848.1519047619047,38.06380952380954,,2.78,,
735,2009-05-31,41.7,44.2,68.7,556.0,14499.0,131475.0,612000.0,6525600.0,902.4084999999999,31.977999999999998,,3.11,,
736,2009-06-30,45.8,46.8,70.8,601.0,14707.0,131008.0,598250.0,6534250.0,926.1149999999999,29.140454545454546,-338.611,3.51,15134.117,-0.6
737,2009-07-31,49.9,47.0,66.0,595.0,14601.0,130668.0,566500.0,6139000.0,935.8213636363635,26.16272727272727,,3.4,,
738,2009-08-31,53.5,49.1,65.7,616.0,14814.0,130485.0,559200.0,6047800.0,1009.7247619047617,25.337142857142858,,3.43,,
739,2009-09-30,54.4,50.5,73.5,609.0,15009.0,130244.0,547500.0,5984750.0,1044.5523809523809,24.92666666666667,-405.497,3.25,15189.222,1.5
740,2009-10-31,56.0,50.9,70.6,583.0,15352.0,130045.0,525400.0,5765600.0,1067.6636363636362,24.25227272727273,,3.27,,
741,2009-11-30,54.4,49.3,67.4,623.0,15219.0,130057.0,494000.0,5460500.0,1088.0690000000002,23.783500000000004,,3.28,,
742,2009-12-31,55.3,49.9,72.5,664.0,15098.0,129788.0,485500.0,5141750.0,1110.3777272727273,21.239545454545457,-445.584,3.47,15356.058,4.5
743,2010-01-31,57.2,49.6,74.4,636.0,15046.0,129790.0,479800.0,4839000.0,1123.5815789473684,20.643157894736845,,3.62,,
744,2010-02-28,55.8,50.8,73.6,650.0,15113.0,129698.0,485750.0,4793750.0,1089.16,22.540000000000003,,3.56,,
745,2010-03-31,58.8,53.2,73.6,687.0,15202.0,129879.0,470250.0,4731750.0,1152.0486956521738,17.76739130434782,-489.179,3.57,15415.145,1.5
746,2010-04-30,58.1,55.6,72.2,637.0,15325.0,130110.0,469000.0,4728000.0,1197.3161904761905,17.424285714285713,,3.65,,
747,2010-05-31,58.3,55.5,73.6,575.0,14849.0,130650.0,459400.0,4674800.0,1125.0620000000001,31.9295,,3.22,,
748,2010-06-30,56.4,54.6,76.0,587.0,14474.0,130511.0,460500.0,4583250.0,1083.3609090909092,29.916363636363634,-519.127,3.02,15557.277,3.7
749,2010-07-31,56.4,54.8,67.8,579.0,14512.0,130427.0,459200.0,4528600.0,1079.8033333333333,25.565238095238094,,2.83,,
750,2010-08-31,58.0,52.7,68.9,580.0,14648.0,130422.0,475000.0,4461250.0,1087.282272727273,24.745909090909084,,2.51,,
751,2010-09-30,56.3,53.6,68.2,563.0,14579.0,130357.0,453500.0,4467750.0,1122.0819047619048,22.51761904761905,-535.095,2.46,15671.967,3.0
752,2010-10-31,57.7,55.3,67.7,558.0,14516.0,130625.0,446800.0,4363400.0,1171.5838095238091,20.373333333333335,,2.35,,
753,2010-11-30,57.6,56.7,71.6,560.0,15081.0,130750.0,426250.0,4195500.0,1198.8885714285711,20.095714285714287,,2.57,,
754,2010-12-31,57.5,57.0,74.5,632.0,14348.0,130822.0,420250.0,4100000.0,1241.5254545454545,17.56954545454545,-512.21,3.11,15750.625,2.0
755,2011-01-31,59.0,57.1,74.2,576.0,14013.0,130841.0,426800.0,3918400.0,1282.6185,17.315499999999997,,3.22,,
756,2011-02-28,59.3,56.9,77.5,542.0,13820.0,131053.0,401500.0,3849250.0,1321.117894736842,17.430000000000003,,3.42,,
757,2011-03-31,59.1,55.5,67.5,583.0,13737.0,131288.0,406000.0,3765500.0,1304.4865217391302,20.723478260869566,-561.474,3.27,15712.754,-1.0
758,2011-04-30,58.9,55.3,69.8,581.0,13957.0,131602.0,420600.0,3770800.0,1331.505,16.244000000000003,,3.36,,
759,2011-05-31,53.7,55.0,74.3,618.0,13855.0,131703.0,422500.0,3773750.0,1338.3104761904758,16.91142857142857,,3.08,,
760,2011-06-30,56.6,54.2,71.5,636.0,13962.0,131939.0,418250.0,3741750.0,1287.2886363636362,19.153181818181817,-581.865,2.91,15825.096,2.9
761,2011-07-31,52.9,53.8,63.7,621.0,13763.0,131999.0,412600.0,3721600.0,1325.1844999999998,19.227500000000003,,2.93,,
762,2011-08-31,53.0,54.1,55.8,647.0,13818.0,132125.0,409500.0,3716000.0,1185.3056521739127,35.02913043478261,,2.2,,
763,2011-09-30,52.8,52.7,59.5,610.0,13948.0,132358.0,417750.0,3742750.0,1173.879047619048,36.53000000000001,-573.85,1.9,15820.7,-0.1
764,2011-10-31,51.8,52.9,60.8,671.0,13594.0,132562.0,402400.0,3701600.0,1207.2161904761904,32.82904761904762,,2.08,,
765,2011-11-30,52.1,53.2,63.7,706.0,13302.0,132694.0,389250.0,3652500.0,1226.414761904762,31.94190476190476,,1.93,,
766,2011-12-31,53.1,52.6,69.9,697.0,13093.0,132896.0,377000.0,3573400.0,1243.3228571428572,25.047619047619055,-600.657,1.91,16004.107,4.7
767,2012-01-31,52.8,55.6,75.0,712.0,12797.0,133250.0,377750.0,3451250.0,1300.5780000000002,20.228,,1.89,,
768,2012-02-29,52.4,54.9,75.3,738.0,12813.0,133512.0,363250.0,3381750.0,1352.4875,18.420499999999997,,1.87,,
769,2012-03-31,53.0,55.1,76.2,806.0,12713.0,133752.0,366600.0,3336800.0,1389.24,16.167272727272728,-615.102,2.04,16129.418,3.2
770,2012-04-30,53.7,54.5,76.4,732.0,12646.0,133834.0,381750.0,3323000.0,1386.4289999999996,17.823,,1.91,,
771,2012-05-31,53.2,54.4,79.3,796.0,12660.0,133934.0,373500.0,3328000.0,1341.2727272727273,21.001818181818184,,1.64,,
772,2012-06-30,51.0,53.3,73.2,794.0,12692.0,134007.0,379200.0,3324400.0,1323.4842857142858,21.13095238095238,-580.505,1.46,16198.807,1.7
773,2012-07-31,50.6,52.9,72.3,849.0,12656.0,134159.0,372500.0,3305750.0,1359.7761904761905,17.565238095238097,,1.37,,
774,2012-08-31,51.1,53.8,74.3,840.0,12471.0,134331.0,373250.0,3306250.0,1403.448260869565,15.689565217391305,,1.55,,
775,2012-09-30,52.2,55.3,78.3,930.0,12115.0,134518.0,381800.0,3314400.0,1443.4194736842105,15.28473684210526,-540.838,1.58,16220.667,0.5
776,2012-10-31,51.2,54.5,82.6,887.0,12124.0,134677.0,368500.0,3276250.0,1437.8166666666666,16.27619047619048,,1.59,,
777,2012-11-30,49.5,55.1,82.7,917.0,12005.0,134833.0,401250.0,3326250.0,1394.5123809523811,16.701904761904764,,1.49,,
778,2012-12-31,50.4,55.7,72.9,941.0,12298.0,135072.0,359000.0,3190200.0,1422.2854999999997,17.307000000000006,-537.839,1.56,16239.138,0.5
779,2013-01-31,52.3,54.9,73.8,940.0,12471.0,135263.0,353000.0,3132750.0,1480.3952380952383,13.505238095238093,,1.77,,
780,2013-02-28,53.1,54.8,77.6,980.0,11950.0,135541.0,353000.0,3058750.0,1512.3115789473684,14.072631578947368,,1.83,,
781,2013-03-31,51.5,54.5,78.6,936.0,11689.0,135680.0,351800.0,3037800.0,1550.8289999999995,13.031500000000003,-516.863,1.82,16382.964,3.6
782,2013-04-30,50.0,53.8,76.4,1012.0,11760.0,135871.0,347250.0,3041500.0,1570.7022727272727,13.967272727272727,,1.61,,
783,2013-05-31,50.0,54.0,84.5,1003.0,11654.0,136093.0,347750.0,3012250.0,1639.8427272727274,13.493636363636362,,1.82,,
784,2013-06-30,52.5,53.4,84.1,942.0,11751.0,136274.0,344600.0,2992800.0,1618.7725,17.2715,-508.931,2.21,16403.18,0.5
785,2013-07-31,54.9,55.9,85.1,997.0,11335.0,136386.0,346000.0,3020250.0,1668.6754545454546,13.974545454545451,,2.49,,
786,2013-08-31,56.3,57.9,82.1,964.0,11279.0,136628.0,333400.0,2934400.0,1670.0936363636363,14.21,,2.66,,
787,2013-09-30,56.0,54.5,77.5,1004.0,11270.0,136815.0,314000.0,2895750.0,1687.1735,14.691999999999998,-496.282,2.73,16531.685,3.2
788,2013-10-31,56.6,55.1,73.2,1044.0,11136.0,137040.0,358500.0,2928500.0,1720.0265217391304,15.407826086956518,,2.53,,
789,2013-11-30,57.0,54.1,75.1,1029.0,10787.0,137304.0,328200.0,2851200.0,1783.5409999999997,12.923999999999998,,2.64,,
790,2013-12-31,56.5,53.0,82.5,1005.0,10404.0,137373.0,346000.0,2858500.0,1807.7752380952381,14.192380952380951,-441.051,2.81,16663.649,3.2
791,2014-01-31,51.3,54.0,81.2,976.0,10202.0,137548.0,326750.0,2876750.0,1822.3566666666666,14.240952380952386,,2.79,,
792,2014-02-28,54.3,51.6,81.6,1039.0,10349.0,137714.0,335250.0,2848750.0,1817.034736842105,15.47,,2.64,,
793,2014-03-31,54.4,53.1,80.0,1067.0,10380.0,137968.0,321000.0,2779200.0,1863.5233333333333,14.83666666666667,-506.318,2.64,16616.54,-1.1
794,2014-04-30,55.3,55.2,84.1,1090.0,9702.0,138293.0,322750.0,2721000.0,1864.2633333333333,14.198095238095242,,2.62,,
795,2014-05-31,55.6,56.3,81.9,1018.0,9859.0,138511.0,313800.0,2667400.0,1889.7671428571425,12.475238095238094,,2.47,,
796,2014-06-30,55.7,56.0,82.5,1010.0,9460.0,138837.0,313500.0,2588750.0,1947.0876190476192,11.54142857142857,-507.643,2.5,16841.475,5.5
797,2014-07-31,56.4,58.7,81.8,1076.0,9608.0,139069.0,301750.0,2533500.0,1973.0999999999995,12.296363636363639,,2.45,,
798,2014-08-31,58.1,59.6,82.5,1047.0,9599.0,139257.0,302000.0,2504800.0,1961.5319047619046,13.497142857142855,,2.33,,
799,2014-09-30,56.1,58.6,84.6,1077.0,9262.0,139566.0,295000.0,2447750.0,1993.2261904761908,13.466666666666667,-492.266,2.44,17047.098,5.0
800,2014-10-31,57.9,57.1,86.9,1094.0,8990.0,139818.0,288750.0,2423250.0,1937.2743478260873,18.016086956521736,,2.21,,
801,2014-11-30,57.6,59.3,88.8,1059.0,9090.0,140109.0,291600.0,2408800.0,2044.572105263158,13.413157894736843,,2.24,,
802,2014-12-31,55.1,56.2,93.6,1070.0,8717.0,140377.0,284500.0,2380000.0,2054.2663636363636,16.311818181818182,-524.406,2.09,17143.038,2.3
803,2015-01-31,53.5,56.7,98.1,1048.0,8885.0,140568.0,287600.0,2349800.0,2028.1785,19.1195,,1.77,,
804,2015-02-28,52.9,56.9,95.4,1127.0,8599.0,140839.0,301250.0,2340250.0,2082.1957894736843,15.90421052631579,,1.87,,
805,2015-03-31,51.5,56.5,93.0,1078.0,8515.0,140910.0,284000.0,2326500.0,2079.9904545454547,14.812727272727273,-532.532,1.93,17277.58,3.2
806,2015-04-30,51.5,57.8,95.9,1161.0,8550.0,141194.0,286000.0,2281500.0,2094.862857142857,13.494761904761905,,1.82,,
807,2015-05-31,52.8,55.7,90.7,1275.0,8834.0,141525.0,274000.0,2260400.0,2111.9435,13.3385,,2.08,,
808,2015-06-30,53.5,56.0,96.1,1378.0,8247.0,141699.0,273750.0,2273750.0,2099.283636363636,14.339545454545457,-499.257,2.23,17405.669,3.0
809,2015-07-31,52.7,60.3,93.1,1139.0,8167.0,142001.0,277750.0,2244750.0,2094.1436363636367,14.352727272727275,,2.19,,
810,2015-08-31,51.1,59.0,91.9,1165.0,7992.0,142126.0,275200.0,2254000.0,2039.866190476191,19.42809523809524,,2.03,,
811,2015-09-30,50.2,56.9,87.2,1143.0,7907.0,142281.0,269500.0,2243000.0,1944.4023809523806,24.377142857142854,-532.977,2.03,17463.222,1.3
812,2015-10-31,49.4,59.1,90.0,1158.0,7922.0,142587.0,267000.0,2207600.0,2024.8127272727274,16.789545454545454,,1.95,,
813,2015-11-30,48.4,55.9,91.3,1245.0,8000.0,142824.0,268500.0,2208500.0,2080.616499999999,16.21,,2.14,,
814,2015-12-31,48.0,55.3,92.6,1209.0,7907.0,143097.0,271000.0,2203750.0,2054.0795454545455,18.025454545454544,-514.613,2.0,17468.902,0.1
815,2016-01-31,48.2,53.5,92.0,1167.0,7721.0,143170.0,279400.0,2204600.0,1918.5978947368426,23.7178947368421,,1.75,,
816,2016-02-29,49.7,54.3,91.7,1186.0,7746.0,143433.0,267250.0,2188000.0,1904.4185000000002,22.517000000000003,,1.4,,
817,2016-03-31,51.7,54.9,91.0,1119.0,7945.0,143662.0,264250.0,2166250.0,2021.954090909091,15.84909090909091,-522.196,1.53,17556.839,2.0
818,2016-04-30,50.7,55.7,89.0,1155.0,7975.0,143849.0,265200.0,2155200.0,2075.535238095238,14.300476190476191,,1.44,,
819,2016-05-31,51.0,53.6,94.7,1198.0,7668.0,143891.0,275250.0,2175750.0,2065.550476190476,14.852857142857141,,1.44,,
820,2016-06-30,52.8,56.1,93.5,1204.0,7786.0,144158.0,265250.0,2159000.0,2083.8913636363636,17.774545454545457,-495.339,1.26,17639.417,1.9
821,2016-07-31,52.3,54.9,90.0,1193.0,7658.0,144512.0,260600.0,2141200.0,2148.902,13.1585,,1.11,,
822,2016-08-31,49.4,51.7,89.8,1203.0,7809.0,144647.0,264500.0,2148000.0,2177.4821739130434,12.399565217391308,,1.16,,
823,2016-09-30,51.7,56.6,91.2,1282.0,7967.0,144916.0,252250.0,2113500.0,2157.6909523809522,14.21952380952381,-499.734,1.23,17735.074,2.2
824,2016-10-31,52.0,54.6,87.2,1271.0,7827.0,145061.0,256600.0,2075200.0,2143.0209523809526,14.585238095238097,,1.36,,
825,2016-11-30,53.5,56.2,93.8,1236.0,7488.0,145212.0,247750.0,2048250.0,2164.985714285714,15.236190476190469,,1.73,,
826,2016-12-31,54.5,56.6,98.2,1251.0,7495.0,145442.0,251000.0,2056400.0,2246.6290476190475,12.472380952380954,-557.957,1.95,17824.231,2.0
827,2017-01-31,56.0,56.5,98.5,1313.0,7518.0,145627.0,246750.0,2036250.0,2275.1160000000004,11.608500000000001,,1.78,,
828,2017-02-28,57.6,57.4,96.3,1239.0,7399.0,145815.0,239250.0,2018000.0,2329.9105263157894,11.530526315789473,,1.76,,
829,2017-03-31,56.6,55.6,96.9,1292.0,7088.0,145944.0,250250.0,1996500.0,2366.822173913043,11.897826086956524,-570.922,1.69,17925.256,2.3
830,2017-04-30,55.3,57.3,97.0,1255.0,7085.0,146141.0,241800.0,1974200.0,2359.30947368421,13.136315789473683,,1.4,,
831,2017-05-31,55.5,57.1,97.1,1209.0,7059.0,146296.0,239750.0,1944000.0,2395.345909090909,10.862272727272728,,1.39,,
832,2017-06-30,56.7,57.2,95.0,1326.0,6933.0,146512.0,240500.0,1962500.0,2433.985454545454,10.513636363636364,-583.726,1.15,18021.048,2.2
833,2017-07-31,56.5,54.3,93.4,1265.0,6867.0,146727.0,244800.0,1961000.0,2454.1025,10.2645,,1.17,,
834,2017-08-31,59.3,55.2,96.8,1309.0,7097.0,146911.0,240500.0,1953500.0,2456.2230434782614,11.97565217391304,,1.05,,
835,2017-09-30,60.2,59.4,95.1,1257.0,6841.0,146929.0,270200.0,1951000.0,2492.841,10.437999999999999,-550.586,1.05,18163.558,3.2
836,2017-10-31,58.5,59.8,100.7,1339.0,6599.0,147196.0,237250.0,1922750.0,2556.997272727273,10.125454545454547,,1.21,,
837,2017-11-30,58.2,57.3,98.5,1299.0,6697.0,147421.0,240250.0,1927500.0,2593.605714285714,10.54047619047619,,1.19,,
838,2017-12-31,59.3,56.0,95.9,1312.0,6561.0,147551.0,237600.0,1894600.0,2664.3405000000007,10.2645,-596.11,1.1,18322.464,3.5
839,2018-01-31,59.1,59.9,95.7,1365.0,6582.0,147672.0,234500.0,1908250.0,2789.80380952381,11.062380952380952,,1.17,,
840,2018-02-28,60.7,59.5,99.7,1332.0,6641.0,148078.0,220000.0,1860250.0,2705.1552631578948,22.464736842105264,,1.44,,
841,2018-03-31,59.3,58.8,101.4,1415.0,6493.0,148254.0,226000.0,1830400.0,2702.77380952381,19.023809523809526,-628.967,1.33,18438.254,2.5
842,2018-04-30,57.9,56.8,98.8,1387.0,6418.0,148391.0,222000.0,1813250.0,2653.6252380952383,18.267619047619046,,1.18,,
843,2018-05-31,58.7,58.6,98.0,1330.0,6209.0,148669.0,221250.0,1746750.0,2701.4936363636366,14.124545454545455,,1.28,,
844,2018-06-30,60.0,59.1,98.2,1317.0,6519.0,148888.0,221400.0,1734000.0,2754.3528571428565,13.678095238095239,-568.391,1.09,18598.135,3.5
845,2018-07-31,58.4,55.7,97.9,1331.0,6180.0,149024.0,216250.0,1749500.0,2793.643333333334,13.147619047619045,,0.98,,
846,2018-08-31,60.8,58.8,96.2,1258.0,6167.0,149268.0,215250.0,1723750.0,2857.8204347826086,12.54695652173913,,0.98,,
847,2018-09-30,59.5,60.8,100.1,1290.0,6045.0,149348.0,212600.0,1685400.0,2901.5005263157896,12.910526315789474,-671.353,1.05,18732.72,2.9
848,2018-10-31,57.5,60.0,98.6,1267.0,6123.0,149549.0,215500.0,1657500.0,2785.4647826086953,19.35217391304348,,0.96,,
849,2018-11-30,58.8,60.4,97.5,1319.0,6034.0,149683.0,222250.0,1681250.0,2723.2314285714288,19.389047619047616,,0.92,,
850,2018-12-31,54.3,58.0,98.3,1334.0,6286.0,149865.0,219600.0,1695200.0,2567.3073684210526,24.953157894736844,-684.148,0.56,18783.548,1.1
851,2019-01-31,56.6,56.7,91.2,1316.0,6516.0,150134.0,220250.0,1716750.0,2607.3900000000003,19.57238095238095,,0.31,,
852,2019-02-28,54.1,59.7,93.8,1305.0,6181.0,150135.0,225000.0,1729250.0,2754.8642105263148,15.234736842105262,,0.28,,
853,2019-03-31,54.6,56.1,98.4,1327.0,6194.0,150282.0,217800.0,1724000.0,2803.9838095238097,14.485238095238092,-633.848,0.17,18927.281,3.1
854,2019-04-30,53.4,55.5,97.2,1330.0,5850.0,150492.0,215500.0,1673000.0,2903.7999999999993,12.949047619047617,,0.11,,
855,2019-05-31,52.3,56.9,100.0,1338.0,5938.0,150577.0,218250.0,1682750.0,2854.705909090909,16.721818181818183,,0.01,,
856,2019-06-30,51.6,55.1,98.2,1273.0,5985.0,150759.0,221000.0,1697000.0,2890.1659999999997,15.835999999999999,-662.66,-0.31,19021.86,2.0
857,2019-07-31,51.3,53.7,98.4,1366.0,6027.0,150953.0,213750.0,1691750.0,2996.1136363636365,13.305909090909092,,-0.34,,
858,2019-08-31,48.8,56.0,89.8,1471.0,5999.0,151160.0,216200.0,1694200.0,2897.4504545454542,18.979090909090914,,-0.49,,
859,2019-09-30,48.2,53.5,93.2,1437.0,5753.0,151368.0,213000.0,1678000.0,2982.156,15.558999999999997,-653.032,-0.35,19121.112,2.1
860,2019-10-31,48.5,54.4,95.5,1503.0,5857.0,151553.0,215000.0,1693750.0,2977.675217391304,15.466521739130433,,-0.12,,
861,2019-11-30,48.1,53.9,96.8,1510.0,5811.0,151814.0,214800.0,1692200.0,3104.9044999999996,12.5235,,0.26,,
862,2019-12-31,47.8,54.9,99.3,1457.0,5753.0,151998.0,226000.0,1736000.0,3176.7495238095235,13.756666666666666,-577.867,0.31,19221.97,2.1
863,2020-01-31,50.9,55.5,99.8,1536.0,5892.0,152212.0,212750.0,1737750.0,3278.2028571428577,13.940952380952378,,0.21,,
864,2020-02-29,50.1,57.3,101.0,1438.0,5787.0,152463.0,211400.0,1703800.0,3277.3142105263164,19.628947368421056,,-0.08,,
865,2020-03-31,49.1,52.5,89.1,1356.0,7140.0,151090.0,2666750.0,3497750.0,2652.3936363636367,57.73681818181817,-526.154,0.24,18974.702,-5.0
866,2020-04-30,41.5,41.8,71.8,1066.0,23078.0,130403.0,5040250.0,17030250.0,2761.975238095238,41.453809523809525,,0.61,,
867,2020-05-31,43.1,45.4,,1220.0,20985.0,132912.0,2465800.0,22035000.0,2919.6085,30.897000000000002,,0.62,,
